,char,code,acc,correct,total
0,一,0,0.9230769872665405,12.000000834465027,13
1,丁,1,1.0,9.0,9
2,七,2,0.8888888955116272,8.000000059604645,9
3,丈,3,1.0,4.0,4
4,三,4,0.8571429252624512,12.000000953674316,14
5,且,5,0.8888888955116272,8.000000059604645,9
6,丙,6,0.8888888955116272,8.000000059604645,9
7,业,7,1.0,24.0,24
8,东,8,1.0,45.0,45
9,严,9,0.800000011920929,8.00000011920929,10
10,并,10,0.8823529481887817,30.00000023841858,34
11,丧,11,0.8333333730697632,5.000000238418579,6
12,丸,12,1.0,5.0,5
13,丹,13,0.8571429252624512,6.000000476837158,7
14,主,14,0.9000000357627869,9.000000357627869,10
15,丽,15,0.8571428656578064,18.000000178813934,21
16,久,16,0.8888888955116272,8.000000059604645,9
17,么,17,1.0,5.0,5
18,义,18,0.6000000238418579,9.000000357627869,15
19,乌,19,0.7142857313156128,10.000000238418579,14
20,乍,20,0.5,2.0,4
21,乎,21,1.0,8.0,8
22,乏,22,1.0,2.0,2
23,乐,23,1.0,17.0,17
24,乘,24,0.7777777910232544,7.0000001192092896,9
25,乙,25,0.75,3.0,4
26,也,26,0.8888888955116272,16.00000011920929,18
27,乡,27,0.692307710647583,9.000000238418579,13
28,书,28,0.9791666865348816,47.000000953674316,48
29,买,29,1.0,12.0,12
30,乱,30,0.7777777910232544,7.0000001192092896,9
31,事,31,0.8571428656578064,18.000000178813934,21
32,云,32,0.8666667342185974,52.000004053115845,60
33,互,33,0.800000011920929,4.000000059604645,5
34,亘,34,0.0,0.0,1
35,些,35,0.6666666865348816,2.0000000596046448,3
36,亟,36,1.0,2.0,2
37,亡,37,0.75,6.0,8
38,交,38,0.7777777910232544,7.0000001192092896,9
39,亥,39,0.5714285969734192,4.000000178813934,7
40,亦,40,0.8823529481887817,15.00000011920929,17
41,亩,41,0.7142857313156128,5.0000001192092896,7
42,享,42,0.8333333730697632,5.000000238418579,6
43,亭,43,0.9230769872665405,12.000000834465027,13
44,人,44,0.944444477558136,17.000000596046448,18
45,亿,45,0.3333333432674408,1.0000000298023224,3
46,什,46,1.0,3.0,3
47,仁,47,0.8333333730697632,10.000000476837158,12
48,仅,48,1.0,9.0,9
49,今,49,0.7333333492279053,11.000000238418579,15
50,仍,50,1.0,6.0,6
51,仓,51,0.5,3.0,6
52,仕,52,0.6666666865348816,4.0000001192092896,6
53,仗,53,1.0,3.0,3
54,仙,54,0.5454545617103577,6.000000178813934,11
55,代,55,1.0,8.0,8
56,令,56,0.46666669845581055,7.000000476837158,15
57,以,57,0.9473684430122375,18.000000417232513,19
58,仪,58,0.9230769872665405,24.000001668930054,26
59,仰,59,0.7692307829856873,10.000000178813934,13
60,企,61,1.0,3.0,3
61,伊,62,1.0,9.0,9
62,伍,63,0.5,1.0,2
63,伎,64,0.0,0.0,1
64,伐,65,1.0,6.0,6
65,休,66,1.0,8.0,8
66,会,67,0.6875,11.0,16
67,伦,68,1.0,23.0,23
68,伫,69,0.6666666865348816,2.0000000596046448,3
69,伯,70,0.9166666865348816,11.000000238418579,12
70,伸,71,0.75,3.0,4
71,但,72,0.875,7.0,8
72,位,73,0.8888888955116272,8.000000059604645,9
73,低,74,0.800000011920929,4.000000059604645,5
74,佐,75,1.0,9.0,9
75,体,76,0.8666667342185974,13.000001013278961,15
76,何,77,0.9523809552192688,20.000000059604645,21
77,佛,78,0.7272727489471436,8.000000238418579,11
78,佣,79,1.0,4.0,4
79,佩,80,1.0,6.0,6
80,佳,81,0.9090909361839294,10.000000298023224,11
81,使,82,0.9285714626312256,13.000000476837158,14
82,来,83,0.782608687877655,17.999999821186066,23
83,供,84,0.3333333432674408,1.0000000298023224,3
84,依,85,0.75,6.0,8
85,侠,86,1.0,6.0,6
86,侣,87,0.9285714626312256,13.000000476837158,14
87,侧,88,0.8333333730697632,5.000000238418579,6
88,侨,89,1.0,4.0,4
89,侮,90,0.0,0.0,2
90,侯,91,0.7777777910232544,7.0000001192092896,9
91,便,92,0.9166666865348816,11.000000238418579,12
92,促,93,0.5,2.0,4
93,俄,94,0.6666666865348816,2.0000000596046448,3
94,俘,95,1.0,1.0,1
95,俞,96,0.6666666865348816,2.0000000596046448,3
96,俨,97,1.0,1.0,1
97,修,98,0.7692307829856873,10.000000178813934,13
98,俯,99,0.9090909361839294,10.000000298023224,11
99,俱,100,0.75,6.0,8
100,俳,101,0.6666666865348816,2.0000000596046448,3
101,俾,102,1.0,1.0,1
102,个,103,0.0,0.0,3
103,倍,104,1.0,2.0,2
104,倚,105,0.7142857313156128,5.0000001192092896,7
105,倡,106,1.0,2.0,2
106,倪,107,1.0,2.0,2
107,值,108,0.6666666865348816,2.0000000596046448,3
108,假,109,0.625,5.0,8
109,伟,110,0.8333333730697632,5.000000238418579,6
110,偏,111,0.25,1.0,4
111,偕,112,1.0,2.0,2
112,做,113,0.5,1.0,2
113,健,114,1.0,4.0,4
114,偷,115,0.5,2.0,4
115,伪,116,1.0,10.0,10
116,杰,117,1.0,9.0,9
117,备,118,0.9090909361839294,10.000000298023224,11
118,傥,119,1.0,5.0,5
119,储,120,0.6666666865348816,2.0000000596046448,3
120,傲,121,1.0,3.0,3
121,债,122,1.0,2.0,2
122,伤,123,0.7272727489471436,8.000000238418579,11
123,倾,124,1.0,9.0,9
124,佥,125,0.5,1.0,2
125,僧,126,1.0,6.0,6
126,僮,127,1.0,1.0,1
127,价,128,0.6666666865348816,2.0000000596046448,3
128,僻,129,1.0,2.0,2
129,俦,130,0.5,1.0,2
130,尽,131,1.0,46.0,46
131,兀,132,1.0,1.0,1
132,先,133,0.8666667342185974,13.000001013278961,15
133,光,134,0.9090909361839294,20.000000596046448,22
134,克,135,0.8000000715255737,12.000001072883606,15
135,免,136,0.5,2.0,4
136,入,137,0.8888888955116272,8.000000059604645,9
137,内,138,0.9166666865348816,11.000000238418579,12
138,八,139,1.0,13.0,13
139,公,140,0.8666667342185974,13.000001013278961,15
140,六,141,0.75,12.0,16
141,兮,142,0.5,2.0,4
142,兰,143,0.9523809552192688,20.000000059604645,21
143,兴,144,0.875,7.0,8
144,具,145,0.6666666865348816,8.000000238418579,12
145,养,146,0.9615384936332703,25.000000834465027,26
146,兽,147,0.699999988079071,6.9999998807907104,10
147,冕,148,0.3333333432674408,1.0000000298023224,3
148,写,149,1.0,27.0,27
149,军,150,1.0,13.0,13
150,冢,151,1.0,1.0,1
151,冬,152,0.8181818723678589,9.000000596046448,11
152,冯,153,1.0,9.0,9
153,冰,154,1.0,4.0,4
154,冲,155,1.0,19.0,19
155,决,156,0.8571429252624512,12.000000953674316,14
156,冶,157,0.5,2.0,4
157,凄,158,1.0,5.0,5
158,准,159,1.0,5.0,5
159,净,160,1.0,6.0,6
160,凉,161,0.7272727489471436,8.000000238418579,11
161,凋,162,1.0,3.0,3
162,凌,163,1.0,11.0,11
163,冻,164,1.0,3.0,3
164,凝,165,0.8571429252624512,6.000000476837158,7
165,凡,166,1.0,6.0,6
166,凤,167,0.8181818723678589,18.000001192092896,22
167,凫,168,1.0,9.0,9
168,凭,169,1.0,7.0,7
169,凰,170,1.0,1.0,1
170,击,171,1.0,8.0,8
171,凿,172,0.25,1.0,4
172,刀,173,1.0,2.0,2
173,刃,174,0.6666666865348816,2.0000000596046448,3
174,分,175,0.8571429252624512,12.000000953674316,14
175,切,176,1.0,8.0,8
176,刊,177,0.3333333432674408,1.0000000298023224,3
177,刍,178,0.0,0.0,1
178,划,179,1.0,5.0,5
179,则,180,0.875,35.0,40
180,刚,181,0.9230769872665405,12.000000834465027,13
181,创,182,1.0,3.0,3
182,初,183,0.8125,13.0,16
183,删,184,1.0,2.0,2
184,别,185,0.8571429252624512,12.000000953674316,14
185,制,186,0.8235294222831726,14.000000178813934,17
186,刷,187,1.0,2.0,2
187,券,188,0.0,0.0,1
188,刻,189,0.8181818723678589,9.000000596046448,11
189,削,190,0.75,3.0,4
190,剑,191,1.0,20.0,20
191,剥,192,1.0,12.0,12
192,剩,193,0.0,0.0,3
193,副,194,0.800000011920929,4.000000059604645,5
194,剧,195,0.5,2.0,4
195,剂,196,0.0,0.0,1
196,力,197,0.785714328289032,11.000000596046448,14
197,办,198,1.0,3.0,3
198,功,199,0.6000000238418579,6.000000238418579,10
199,加,200,0.8888888955116272,8.000000059604645,9
200,务,201,1.0,21.0,21
201,劫,202,0.6000000238418579,3.0000001192092896,5
202,劭,203,0.3333333432674408,1.0000000298023224,3
203,劾,204,0.0,0.0,1
204,勇,205,1.0,5.0,5
205,勉,206,1.0,9.0,9
206,勒,207,1.0,10.0,10
207,动,208,0.9473684430122375,18.000000417232513,19
208,勋,209,0.6666666865348816,4.0000001192092896,6
209,势,210,1.0,9.0,9
210,励,211,0.0,0.0,2
211,勺,212,1.0,1.0,1
212,匀,213,1.0,2.0,2
213,匆,214,1.0,1.0,1
214,化,215,0.6000000238418579,6.000000238418579,10
215,北,216,0.9285714626312256,13.000000476837158,14
216,匪,217,1.0,8.0,8
217,汇,218,1.0,5.0,5
218,匹,219,0.800000011920929,4.000000059604645,5
219,区,220,0.9285714626312256,13.000000476837158,14
220,医,221,0.8000000715255737,12.000001072883606,15
221,十,222,1.0,14.0,14
222,升,223,0.5,5.0,10
223,卑,224,0.800000011920929,4.000000059604645,5
224,卓,225,0.3333333432674408,1.0000000298023224,3
225,单,226,1.0,3.0,3
226,南,227,1.0,16.0,16
227,博,228,0.800000011920929,4.000000059604645,5
228,卢,229,1.0,7.0,7
229,卧,230,1.0,7.0,7
230,卫,231,0.800000011920929,8.00000011920929,10
231,卯,232,0.4000000059604645,2.0000000298023224,5
232,印,233,0.800000011920929,4.000000059604645,5
233,危,234,0.6363636255264282,6.9999998807907104,11
234,卵,235,0.5,1.0,2
235,卷,236,0.800000011920929,8.00000011920929,10
236,却,237,0.5555555820465088,5.000000238418579,9
237,卿,238,0.6363636255264282,6.9999998807907104,11
238,厄,239,1.0,2.0,2
239,历,240,0.9750000238418579,39.000000953674316,40
240,厉,241,1.0,7.0,7
241,厌,242,1.0,4.0,4
242,厘,243,1.0,9.0,9
243,原,244,0.75,6.0,8
244,厨,245,0.875,7.0,8
245,参,246,0.6666666865348816,6.000000178813934,9
246,又,247,0.800000011920929,8.00000011920929,10
247,及,248,1.0,16.0,16
248,友,249,0.8181818723678589,9.000000596046448,11
249,双,250,0.625,5.0,8
250,发,251,0.8958333730697632,43.00000190734863,48
251,叔,252,0.7777777910232544,7.0000001192092896,9
252,取,253,0.9285714626312256,13.000000476837158,14
253,叙,254,1.0,14.0,14
254,叛,255,0.800000011920929,4.000000059604645,5
255,口,256,0.625,5.0,8
256,古,257,0.9166666865348816,11.000000238418579,12
257,叨,258,1.0,2.0,2
258,召,259,0.1666666716337204,1.0000000298023224,6
259,台,260,0.8260869979858398,19.000000953674316,23
260,右,261,0.5555555820465088,5.000000238418579,9
261,司,262,0.8333333730697632,10.000000476837158,12
262,各,263,0.7777777910232544,7.0000001192092896,9
263,合,264,0.4285714626312256,6.000000476837158,14
264,吉,265,1.0,7.0,7
265,吊,266,1.0,4.0,4
266,名,267,1.0,13.0,13
267,后,268,0.5909091234207153,13.000000715255737,22
268,吏,269,0.8888888955116272,8.000000059604645,9
269,吐,270,0.8571429252624512,6.000000476837158,7
270,吞,271,0.800000011920929,4.000000059604645,5
271,吟,272,0.8571429252624512,6.000000476837158,7
272,否,273,0.5714285969734192,4.000000178813934,7
273,含,274,0.8571429252624512,6.000000476837158,7
274,听,275,1.0,27.0,27
275,启,276,0.9666666984558105,29.000000953674316,30
276,吴,277,0.7272727489471436,8.000000238418579,11
277,吸,278,1.0,3.0,3
278,吾,279,0.6428571939468384,9.000000715255737,14
279,吕,280,0.6000000238418579,3.0000001192092896,5
280,呈,281,0.8333333730697632,5.000000238418579,6
281,呜,282,0.6666666865348816,2.0000000596046448,3
282,周,283,0.75,9.0,12
283,味,284,0.875,7.0,8
284,命,285,0.7692307829856873,10.000000178813934,13
285,咀,286,1.0,2.0,2
286,和,287,0.9199999570846558,22.999998927116394,25
287,咎,288,1.0,3.0,3
288,咨,289,0.1428571492433548,1.0000000447034836,7
289,咳,290,1.0,1.0,1
290,咸,291,0.8421052694320679,16.00000011920929,19
291,哀,292,0.3333333432674408,3.000000089406967,9
292,哗,293,0.800000011920929,4.000000059604645,5
293,哭,294,0.5,2.0,4
294,唇,295,0.4000000059604645,2.0000000298023224,5
295,唐,296,1.0,10.0,10
296,唯,297,0.8181818723678589,9.000000596046448,11
297,唱,298,0.800000011920929,4.000000059604645,5
298,啄,299,1.0,2.0,2
299,商,300,0.0,0.0,6
300,啸,301,0.9000000357627869,9.000000357627869,10
301,啼,302,1.0,3.0,3
302,善,303,0.9333333969116211,14.000000953674316,15
303,唤,304,1.0,4.0,4
304,喜,305,0.8181818723678589,9.000000596046448,11
305,喧,306,0.5,1.0,2
306,嗟,307,0.6666666865348816,4.0000001192092896,6
307,嗣,308,0.699999988079071,6.9999998807907104,10
308,尝,309,0.6451612710952759,19.999999403953552,31
309,嘤,310,1.0,1.0,1
310,当,311,1.0,69.0,69
311,嚣,312,0.0,0.0,2
312,嘱,313,0.6666666865348816,2.0000000596046448,3
313,回,314,0.7894737124443054,15.000000536441803,19
314,园,315,1.0,11.0,11
315,图,316,0.6000000238418579,9.000000357627869,15
316,圃,317,0.5,1.0,2
317,国,318,0.9523809552192688,20.000000059604645,21
318,圆,319,0.8571429252624512,6.000000476837158,7
319,团,320,0.5,2.0,4
320,圣,321,1.0,26.0,26
321,址,322,1.0,1.0,1
322,坂,323,1.0,2.0,2
323,坊,324,1.0,4.0,4
324,坎,325,1.0,2.0,2
325,坑,326,0.5,1.0,2
326,块,327,1.0,3.0,3
327,坟,328,1.0,16.0,16
328,坠,329,1.0,17.0,17
329,坤,330,1.0,5.0,5
330,坦,331,1.0,2.0,2
331,垢,332,1.0,5.0,5
332,垣,333,0.8571429252624512,6.000000476837158,7
333,城,334,0.9473684430122375,18.000000417232513,19
334,采,335,0.9666666984558105,29.000000953674316,30
335,执,336,0.692307710647583,9.000000238418579,13
336,尧,337,1.0,12.0,12
337,报,338,0.8333333730697632,20.000000953674316,24
338,涂,339,0.6666666865348816,6.000000178813934,9
339,塘,340,0.75,3.0,4
340,塞,341,0.800000011920929,8.00000011920929,10
341,填,342,0.6666666865348816,2.0000000596046448,3
342,尘,343,0.9230769872665405,12.000000834465027,13
343,墓,344,0.8333333730697632,5.000000238418579,6
344,墙,345,1.0,28.0,28
345,增,346,0.7692307829856873,10.000000178813934,13
346,壑,347,0.4285714626312256,3.000000238418579,7
347,壤,348,1.0,6.0,6
348,壮,349,0.8333333730697632,5.000000238418579,6
349,声,350,1.0,15.0,15
350,壹,351,0.7142857313156128,5.0000001192092896,7
351,壶,352,1.0,6.0,6
352,寿,353,0.9230769872665405,12.000000834465027,13
353,处,354,1.0,38.0,38
354,夏,355,0.9230769872665405,12.000000834465027,13
355,夔,356,1.0,1.0,1
356,外,357,0.8461538553237915,11.00000011920929,13
357,夙,358,0.800000011920929,4.000000059604645,5
358,多,359,0.625,10.0,16
359,夜,360,0.9230769872665405,12.000000834465027,13
360,大,361,0.9285714626312256,13.000000476837158,14
361,天,362,1.0,18.0,18
362,夫,363,0.9333333969116211,14.000000953674316,15
363,失,364,0.7142857313156128,5.0000001192092896,7
364,头,365,0.7692307829856873,10.000000178813934,13
365,夷,366,0.7142857313156128,5.0000001192092896,7
366,夸,367,0.8333333730697632,10.000000476837158,12
367,夺,368,0.6666666865348816,4.0000001192092896,6
368,奁,369,1.0,5.0,5
369,奄,370,1.0,7.0,7
370,奈,371,0.3333333432674408,2.0000000596046448,6
371,奉,372,0.9523809552192688,20.000000059604645,21
372,奔,373,0.5,4.0,8
373,奖,374,0.3333333432674408,1.0000000298023224,3
374,奠,375,1.0,3.0,3
375,奢,376,0.6666666865348816,2.0000000596046448,3
376,女,377,1.0,8.0,8
377,奸,378,1.0,16.0,16
378,好,379,0.6875,11.0,16
379,妃,380,0.800000011920929,4.000000059604645,5
380,妇,381,0.8181818723678589,9.000000596046448,11
381,妙,382,1.0,13.0,13
382,妆,383,1.0,2.0,2
383,妹,384,0.75,3.0,4
384,妻,385,0.8333333730697632,5.000000238418579,6
385,妾,386,1.0,4.0,4
386,姊,387,0.3333333432674408,1.0000000298023224,3
387,姑,388,0.8333333730697632,5.000000238418579,6
388,姓,389,1.0,8.0,8
389,委,390,0.9166666865348816,11.000000238418579,12
390,姚,391,1.0,4.0,4
391,姨,392,1.0,2.0,2
392,姬,393,0.75,3.0,4
393,姿,394,0.7777777910232544,7.0000001192092896,9
394,娄,395,0.0,0.0,1
395,娇,396,0.5,1.0,2
396,娑,397,1.0,3.0,3
397,娘,398,0.8333333730697632,5.000000238418579,6
398,娟,399,1.0,2.0,2
399,娥,400,0.6666666865348816,2.0000000596046448,3
400,婴,401,1.0,9.0,9
401,婿,402,0.5,1.0,2
402,嫁,403,0.0,0.0,4
403,嫡,405,0.8333333730697632,5.000000238418579,6
404,嫩,406,0.5,1.0,2
405,子,407,0.9285714626312256,13.000000476837158,14
406,孔,408,1.0,8.0,8
407,字,409,0.8666667342185974,13.000001013278961,15
408,学,410,0.9523809552192688,40.00000011920929,42
409,孩,411,0.0,0.0,1
410,孺,412,1.0,1.0,1
411,宁,413,0.9375,30.0,32
412,宅,414,0.9166666865348816,11.000000238418579,12
413,宇,415,0.875,7.0,8
414,安,416,0.8235294222831726,14.000000178813934,17
415,完,417,0.6000000238418579,3.0000001192092896,5
416,宕,418,1.0,1.0,1
417,宙,419,0.800000011920929,4.000000059604645,5
418,定,420,0.47058823704719543,8.000000029802322,17
419,宛,421,0.800000011920929,4.000000059604645,5
420,宠,422,1.0,26.0,26
421,审,423,0.7272727489471436,8.000000238418579,11
422,室,424,0.9230769872665405,12.000000834465027,13
423,宪,425,0.9411764740943909,16.000000059604645,17
424,宫,426,0.8928571939468384,25.000001430511475,28
425,害,427,0.875,7.0,8
426,宴,428,1.0,4.0,4
427,宵,429,0.6666666865348816,2.0000000596046448,3
428,家,430,0.6500000357627869,13.000000715255737,20
429,宸,431,1.0,2.0,2
430,容,432,0.5384615659713745,7.000000357627869,13
431,宽,433,1.0,7.0,7
432,宿,434,0.9090909361839294,10.000000298023224,11
433,寄,435,0.7142857313156128,10.000000238418579,14
434,密,436,0.7272727489471436,8.000000238418579,11
435,寇,437,1.0,3.0,3
436,富,438,0.7142857313156128,5.0000001192092896,7
437,寒,439,0.8235294222831726,14.000000178813934,17
438,察,440,0.692307710647583,9.000000238418579,13
439,寥,441,0.5,1.0,2
440,实,442,0.8666667342185974,13.000001013278961,15
441,宝,443,0.7692307829856873,10.000000178813934,13
442,寸,444,0.875,7.0,8
443,对,445,0.9090909361839294,10.000000298023224,11
444,寺,446,0.8571429252624512,6.000000476837158,7
445,导,447,0.9090909361839294,10.000000298023224,11
446,将,448,0.9130434989929199,21.000000476837158,23
447,尊,449,0.9285714626312256,13.000000476837158,14
448,寻,450,0.9230769872665405,12.000000834465027,13
449,小,451,0.8461538553237915,11.00000011920929,13
450,少,452,0.7333333492279053,11.000000238418579,15
451,尺,453,0.8888888955116272,8.000000059604645,9
452,尼,454,0.6666666865348816,2.0000000596046448,3
453,尾,455,1.0,5.0,5
454,局,456,1.0,3.0,3
455,居,457,0.9285714626312256,13.000000476837158,14
456,屈,458,1.0,8.0,8
457,尸,459,1.0,2.0,2
458,屑,460,0.6666666865348816,2.0000000596046448,3
459,屠,461,0.6666666865348816,2.0000000596046448,3
460,屡,462,1.0,19.0,19
461,属,463,0.7333333492279053,11.000000238418579,15
462,屯,464,1.0,3.0,3
463,屿,465,0.0,0.0,1
464,岁,466,0.8695652484893799,20.000000715255737,23
465,岐,467,0.800000011920929,4.000000059604645,5
466,岗,468,1.0,2.0,2
467,岚,469,0.6666666865348816,2.0000000596046448,3
468,岩,470,0.4000000059604645,4.000000059604645,10
469,岱,471,0.800000011920929,4.000000059604645,5
470,峙,472,1.0,1.0,1
471,峡,473,0.6666666865348816,2.0000000596046448,3
472,峨,474,0.6000000238418579,3.0000001192092896,5
473,峰,475,0.875,7.0,8
474,岛,476,1.0,2.0,2
475,崔,477,0.75,3.0,4
476,崛,478,1.0,2.0,2
477,崩,479,1.0,4.0,4
478,嵌,480,1.0,1.0,1
479,嵬,481,1.0,2.0,2
480,峤,482,0.0,0.0,2
481,巢,483,0.7142857313156128,5.0000001192092896,7
482,工,484,1.0,6.0,6
483,左,485,0.6000000238418579,6.000000238418579,10
484,巨,486,0.0,0.0,5
485,己,487,0.7777777910232544,7.0000001192092896,9
486,巳,488,0.75,3.0,4
487,市,489,0.5714285969734192,4.000000178813934,7
488,帅,490,1.0,13.0,13
489,师,491,0.8571429252624512,12.000000953674316,14
490,希,492,0.75,6.0,8
491,帕,493,1.0,2.0,2
492,帘,494,0.8333333730697632,5.000000238418579,6
493,帚,495,1.0,1.0,1
494,带,496,1.0,26.0,26
495,席,497,1.0,11.0,11
496,常,498,0.9047619104385376,19.00000011920929,21
497,帽,499,0.6666666865348816,2.0000000596046448,3
498,幡,500,0.0,0.0,2
499,币,501,0.75,3.0,4
500,干,502,0.7777777910232544,7.0000001192092896,9
501,平,503,0.8571429252624512,12.000000953674316,14
502,年,504,0.8095238208770752,17.00000023841858,21
503,幸,505,0.4444444477558136,4.000000029802322,9
504,幺,506,0.0,0.0,2
505,幻,507,1.0,4.0,4
506,幼,508,1.0,3.0,3
507,几,509,0.5625,9.0,16
508,广,510,1.0,29.0,29
509,床,511,0.625,5.0,8
510,庐,512,0.8888888955116272,16.00000011920929,18
511,库,513,1.0,2.0,2
512,底,514,0.800000011920929,4.000000059604645,5
513,庖,515,1.0,1.0,1
514,店,516,0.0,0.0,2
515,府,517,1.0,12.0,12
516,庞,518,1.0,8.0,8
517,座,519,0.5,2.0,4
518,庵,520,0.4000000059604645,2.0000000298023224,5
519,庶,521,0.8888888955116272,8.000000059604645,9
520,康,522,0.6000000238418579,6.000000238418579,10
521,庸,523,0.8888888955116272,8.000000059604645,9
522,庾,524,0.5,1.0,2
523,廉,525,0.8181818723678589,9.000000596046448,11
524,廓,526,0.6666666865348816,2.0000000596046448,3
525,庙,527,0.9000000357627869,9.000000357627869,10
526,废,528,1.0,8.0,8
527,建,529,1.0,12.0,12
528,异,530,1.0,30.0,30
529,弃,531,1.0,16.0,16
530,弈,532,0.6666666865348816,2.0000000596046448,3
531,弓,533,1.0,5.0,5
532,弗,534,0.9090909361839294,10.000000298023224,11
533,弘,535,1.0,8.0,8
534,弛,536,0.6666666865348816,2.0000000596046448,3
535,弟,537,0.9285714626312256,13.000000476837158,14
536,张,538,0.9473684430122375,18.000000417232513,19
537,弦,539,0.7692307829856873,10.000000178813934,13
538,弯,540,1.0,4.0,4
539,弱,541,0.8571429252624512,6.000000476837158,7
540,强,542,0.9090909361839294,10.000000298023224,11
541,弼,543,1.0,1.0,1
542,弥,544,0.6363636255264282,6.9999998807907104,11
543,录,545,0.9090909361839294,20.000000596046448,22
544,形,546,0.3333333432674408,2.0000000596046448,6
545,彤,547,0.6666666865348816,2.0000000596046448,3
546,彦,548,1.0,12.0,12
547,彩,549,0.8571429252624512,6.000000476837158,7
548,彬,550,1.0,1.0,1
549,彰,551,1.0,4.0,4
550,影,552,0.8888888955116272,8.000000059604645,9
551,役,553,0.6000000238418579,3.0000001192092896,5
552,彻,554,0.75,3.0,4
553,彼,555,0.6666666865348816,8.000000238418579,12
554,往,556,0.9000000357627869,9.000000357627869,10
555,很,558,1.0,1.0,1
556,径,559,0.5714285969734192,4.000000178813934,7
557,徒,560,0.800000011920929,8.00000011920929,10
558,御,561,0.7647058963775635,13.000000238418579,17
559,徨,562,1.0,2.0,2
560,循,563,1.0,6.0,6
561,微,564,0.625,10.0,16
562,徼,565,1.0,1.0,1
563,必,566,0.8571429252624512,12.000000953674316,14
564,忆,567,0.8000000715255737,12.000001072883606,15
565,忌,568,1.0,3.0,3
566,志,569,0.75,12.0,16
567,忙,570,1.0,2.0,2
568,忝,571,1.0,3.0,3
569,忠,572,0.6000000238418579,6.000000238418579,10
570,忧,573,0.9411764740943909,16.000000059604645,17
571,忱,574,1.0,1.0,1
572,念,575,0.75,9.0,12
573,忿,576,1.0,2.0,2
574,怀,577,1.0,33.0,33
575,怆,578,1.0,2.0,2
576,怛,579,1.0,1.0,1
577,思,580,0.9375,15.0,16
578,怠,581,1.0,3.0,3
579,怡,582,0.75,3.0,4
580,急,583,0.5555555820465088,5.000000238418579,9
581,怪,584,0.7142857313156128,5.0000001192092896,7
582,恃,585,0.8571429252624512,6.000000476837158,7
583,恒,586,0.75,6.0,8
584,恋,587,0.7777777910232544,7.0000001192092896,9
585,恍,588,0.5,1.0,2
586,恐,589,0.9230769872665405,12.000000834465027,13
587,恕,590,0.75,3.0,4
588,恙,591,0.5,2.0,4
589,恣,592,0.0,0.0,3
590,耻,593,0.6666666865348816,4.0000001192092896,6
591,恨,594,0.8181818723678589,9.000000596046448,11
592,恪,595,1.0,2.0,2
593,恳,596,0.5,3.0,6
594,恶,597,0.8888888955116272,8.000000059604645,9
595,恼,598,1.0,4.0,4
596,悄,599,1.0,2.0,2
597,悔,600,1.0,7.0,7
598,悠,601,1.0,6.0,6
599,患,602,0.625,5.0,8
600,悦,603,1.0,8.0,8
601,悲,604,0.5,7.0,14
602,悴,605,0.0,0.0,3
603,怅,606,0.6666666865348816,2.0000000596046448,3
604,闷,607,1.0,12.0,12
605,情,608,0.7142857313156128,15.000000357627869,21
606,惊,609,0.7333333492279053,11.000000238418579,15
607,惋,610,0.5,1.0,2
608,惑,611,0.6666666865348816,2.0000000596046448,3
609,惜,612,0.5,3.0,6
610,惟,613,0.8125,13.0,16
611,惠,614,0.8000000715255737,12.000001072883606,15
612,惧,615,0.875,7.0,8
613,惨,616,0.6666666865348816,2.0000000596046448,3
614,惬,617,0.7142857313156128,5.0000001192092896,7
615,惭,618,1.0,7.0,7
616,惯,619,1.0,6.0,6
617,惰,620,0.6666666865348816,2.0000000596046448,3
618,想,621,0.8666667342185974,13.000001013278961,15
619,愁,622,0.7142857313156128,5.0000001192092896,7
620,愚,623,0.5,5.0,10
621,爱,624,0.7941176295280457,26.999999403953552,34
622,愠,625,1.0,5.0,5
623,栗,626,0.6428571939468384,9.000000715255737,14
624,慕,627,0.7142857313156128,10.000000238418579,14
625,慧,628,0.800000011920929,4.000000059604645,5
626,慨,629,0.6000000238418579,3.0000001192092896,5
627,慰,630,0.692307710647583,9.000000238418579,13
628,庆,631,0.75,6.0,8
629,憩,632,1.0,2.0,2
630,悯,633,1.0,2.0,2
631,憾,634,1.0,2.0,2
632,应,635,0.30000001192092896,3.0000001192092896,10
633,懒,636,1.0,8.0,8
634,慑,637,1.0,1.0,1
635,懿,638,1.0,3.0,3
636,戈,639,1.0,4.0,4
637,戊,640,0.699999988079071,6.9999998807907104,10
638,戎,641,1.0,13.0,13
639,戏,642,1.0,9.0,9
640,成,643,0.800000011920929,16.00000023841858,20
641,我,644,0.8695652484893799,20.000000715255737,23
642,戒,645,0.6666666865348816,6.000000178813934,9
643,战,646,1.0,17.0,17
644,戚,647,0.4285714626312256,3.000000238418579,7
645,戟,648,1.0,4.0,4
646,截,649,1.0,2.0,2
647,户,650,1.0,12.0,12
648,戾,651,1.0,1.0,1
649,房,652,0.800000011920929,8.00000011920929,10
650,扇,653,0.8888888955116272,8.000000059604645,9
651,扈,654,1.0,1.0,1
652,手,655,0.8181818723678589,9.000000596046448,11
653,才,656,0.9090909361839294,10.000000298023224,11
654,打,657,0.6666666865348816,2.0000000596046448,3
655,托,658,1.0,10.0,10
656,扬,659,0.75,6.0,8
657,扰,660,0.800000011920929,4.000000059604645,5
658,扶,661,0.9230769872665405,12.000000834465027,13
659,承,662,0.7692307829856873,10.000000178813934,13
660,技,663,1.0,3.0,3
661,抑,664,1.0,3.0,3
662,抗,665,0.8333333730697632,5.000000238418579,6
663,抛,666,1.0,2.0,2
664,护,668,0.9199999570846558,22.999998927116394,25
665,披,669,0.8571429252624512,6.000000476837158,7
666,抹,670,0.0,0.0,2
667,抽,671,1.0,7.0,7
668,担,672,1.0,8.0,8
669,拆,673,1.0,1.0,1
670,拉,674,1.0,1.0,1
671,拍,675,1.0,4.0,4
672,招,676,0.5714285969734192,4.000000178813934,7
673,拜,677,1.0,10.0,10
674,拟,678,1.0,6.0,6
675,拥,679,1.0,10.0,10
676,拯,680,1.0,2.0,2
677,拳,681,0.6000000238418579,3.0000001192092896,5
678,拾,682,0.20000000298023224,1.0000000149011612,5
679,拿,683,0.0,0.0,2
680,持,684,0.8181818723678589,9.000000596046448,11
681,挚,685,1.0,1.0,1
682,挤,687,1.0,1.0,1
683,挹,688,1.0,1.0,1
684,挺,689,1.0,3.0,3
685,挽,690,0.6666666865348816,2.0000000596046448,3
686,捉,691,0.0,0.0,1
687,捍,692,0.0,0.0,1
688,捎,693,0.0,0.0,1
689,损,694,0.20000001788139343,3.0000002682209015,15
690,掉,695,1.0,2.0,2
691,掖,696,0.0,0.0,1
692,挂,697,1.0,7.0,7
693,掠,698,0.5,1.0,2
694,探,699,1.0,4.0,4
695,掩,700,0.75,3.0,4
696,掾,701,0.0,0.0,2
697,描,702,1.0,2.0,2
698,插,703,1.0,2.0,2
699,揖,704,1.0,3.0,3
700,换,705,1.0,3.0,3
701,援,706,1.0,6.0,6
702,搜,707,1.0,2.0,2
703,摄,708,0.8888888955116272,8.000000059604645,9
704,摧,710,0.4000000059604645,2.0000000298023224,5
705,摸,711,0.0,0.0,2
706,抚,712,0.75,3.0,4
707,播,713,0.6666666865348816,2.0000000596046448,3
708,撰,714,1.0,5.0,5
709,扑,715,0.0,0.0,2
710,择,716,0.75,3.0,4
711,操,717,0.6666666865348816,4.0000001192092896,6
712,擎,718,1.0,2.0,2
713,擢,719,1.0,2.0,2
714,攀,720,1.0,4.0,4
715,攘,721,1.0,1.0,1
716,揽,722,0.3333333432674408,1.0000000298023224,3
717,支,723,1.0,7.0,7
718,收,724,0.875,7.0,8
719,攸,725,0.5555555820465088,5.000000238418579,9
720,攻,726,1.0,7.0,7
721,政,727,0.6666666865348816,8.000000238418579,12
722,故,728,0.9000000357627869,18.000000715255737,20
723,效,729,0.9090909361839294,10.000000298023224,11
724,败,730,1.0,9.0,9
725,敛,731,0.6666666865348816,2.0000000596046448,3
726,敝,732,0.5,1.0,2
727,散,733,0.5625,9.0,16
728,数,734,0.7333333492279053,11.000000238418579,15
729,整,735,0.800000011920929,4.000000059604645,5
730,敌,736,0.6666666865348816,2.0000000596046448,3
731,斋,737,0.9230769872665405,24.000001668930054,26
732,斗,738,0.9166666865348816,22.000000476837158,24
733,斛,739,0.3333333432674408,1.0000000298023224,3
734,斜,740,0.800000011920929,4.000000059604645,5
735,斟,741,1.0,2.0,2
736,斡,742,0.5,1.0,2
737,斧,743,0.20000000298023224,1.0000000149011612,5
738,斩,744,0.8823529481887817,15.00000011920929,17
739,新,745,0.949999988079071,18.99999976158142,20
740,断,746,1.0,11.0,11
741,方,747,0.8333333134651184,14.999999642372131,18
742,于,748,0.7333333492279053,11.000000238418579,15
743,施,749,0.8461538553237915,11.00000011920929,13
744,旄,750,0.5,1.0,2
745,旅,751,1.0,3.0,3
746,旌,752,1.0,3.0,3
747,族,753,1.0,5.0,5
748,无,754,0.8275861740112305,23.999999046325684,29
749,既,755,0.75,12.0,16
750,日,756,0.6000000238418579,9.000000357627869,15
751,旨,757,0.8333333730697632,5.000000238418579,6
752,早,758,0.9000000357627869,9.000000357627869,10
753,时,759,0.7407407760620117,20.000000953674316,27
754,昂,760,0.6666666865348816,2.0000000596046448,3
755,昆,761,0.5714285969734192,4.000000178813934,7
756,昊,762,1.0,1.0,1
757,昌,763,0.699999988079071,6.9999998807907104,10
758,星,764,0.9000000357627869,9.000000357627869,10
759,昨,765,0.7777777910232544,7.0000001192092896,9
760,昭,766,0.5555555820465088,5.000000238418579,9
761,是,767,0.949999988079071,18.99999976158142,20
762,昼,768,0.8333333730697632,5.000000238418579,6
763,晋,769,0.800000011920929,8.00000011920929,10
764,晓,770,0.9333333969116211,14.000000953674316,15
765,晖,771,0.7777777910232544,7.0000001192092896,9
766,晚,772,0.7272727489471436,8.000000238418579,11
767,晤,773,0.6666666865348816,2.0000000596046448,3
768,晦,774,0.8888888955116272,8.000000059604645,9
769,晨,775,1.0,7.0,7
770,普,776,1.0,4.0,4
771,景,777,0.9285714626312256,13.000000476837158,14
772,晴,778,0.7142857313156128,5.0000001192092896,7
773,晶,779,1.0,1.0,1
774,智,780,0.800000011920929,8.00000011920929,10
775,暄,781,0.6666666865348816,2.0000000596046448,3
776,畅,782,1.0,7.0,7
777,暮,783,0.625,5.0,8
778,暴,784,0.6666666865348816,2.0000000596046448,3
779,昙,785,0.5,1.0,2
780,曰,786,0.9285714626312256,13.000000476837158,14
781,曳,787,0.5,1.0,2
782,更,788,0.9090909361839294,10.000000298023224,11
783,曹,789,1.0,9.0,9
784,曾,790,0.6666666865348816,6.000000178813934,9
785,最,791,0.6000000238418579,6.000000238418579,10
786,月,792,0.9130434989929199,21.000000476837158,23
787,朕,793,1.0,5.0,5
788,朗,794,0.800000011920929,8.00000011920929,10
789,望,795,0.8571428656578064,18.000000178813934,21
790,朝,796,0.8000000715255737,12.000001072883606,15
791,木,797,0.6428571939468384,9.000000715255737,14
792,末,798,1.0,7.0,7
793,本,799,0.9166666865348816,11.000000238418579,12
794,札,800,0.8333333730697632,5.000000238418579,6
795,朱,801,0.7142857313156128,5.0000001192092896,7
796,朴,802,0.75,6.0,8
797,朽,803,1.0,4.0,4
798,杀,804,0.6666666865348816,4.0000001192092896,6
799,村,805,1.0,8.0,8
800,杖,806,1.0,6.0,6
801,杭,807,1.0,5.0,5
802,杯,808,0.9090909361839294,10.000000298023224,11
803,杳,809,1.0,4.0,4
804,杷,810,0.75,3.0,4
805,松,811,0.9000000357627869,18.000000715255737,20
806,板,812,1.0,5.0,5
807,枇,813,0.800000011920929,4.000000059604645,5
808,林,814,1.0,16.0,16
809,枚,815,0.8333333730697632,5.000000238418579,6
810,果,816,0.7272727489471436,8.000000238418579,11
811,枝,817,0.9090909361839294,10.000000298023224,11
812,枣,818,1.0,3.0,3
813,架,819,1.0,4.0,4
814,柑,820,0.0,0.0,1
815,染,821,0.2857142984867096,2.000000089406967,7
816,查,822,0.5,1.0,2
817,柬,823,0.0,0.0,3
818,柯,824,0.800000011920929,4.000000059604645,5
819,柱,825,1.0,10.0,10
820,栋,826,1.0,16.0,16
821,核,827,0.5,1.0,2
822,格,828,0.6666666865348816,4.0000001192092896,6
823,栽,829,0.800000011920929,4.000000059604645,5
824,桐,831,1.0,8.0,8
825,桑,832,1.0,6.0,6
826,桨,834,0.3333333432674408,1.0000000298023224,3
827,桶,835,1.0,4.0,4
828,梓,836,1.0,2.0,2
829,条,837,1.0,7.0,7
830,梨,838,0.8571429252624512,6.000000476837158,7
831,梭,839,1.0,2.0,2
832,械,840,1.0,2.0,2
833,梳,841,0.0,0.0,2
834,梵,842,1.0,3.0,3
835,棕,843,1.0,1.0,1
836,棘,844,0.6000000238418579,3.0000001192092896,5
837,棣,845,0.5,1.0,2
838,栈,846,1.0,2.0,2
839,栖,847,0.75,6.0,8
840,棹,848,1.0,2.0,2
841,棺,849,0.3333333432674408,1.0000000298023224,3
842,椟,850,0.25,1.0,4
843,椽,851,0.6666666865348816,2.0000000596046448,3
844,杨,852,1.0,12.0,12
845,枫,853,1.0,3.0,3
846,楹,854,0.25,1.0,4
847,概,855,0.5,1.0,2
848,榆,856,1.0,3.0,3
849,榜,858,0.800000011920929,4.000000059604645,5
850,榭,859,1.0,2.0,2
851,荣,860,1.0,30.0,30
852,槊,861,1.0,2.0,2
853,槎,862,1.0,1.0,1
854,槛,863,0.75,3.0,4
855,标,864,0.6666666865348816,4.0000001192092896,6
856,枢,865,1.0,2.0,2
857,模,866,0.5,2.0,4
858,横,867,0.9333333969116211,14.000000953674316,15
859,樯,868,0.875,7.0,8
860,樵,869,1.0,2.0,2
861,树,870,0.6000000238418579,9.000000357627869,15
862,樽,871,0.5,1.0,2
863,桥,872,0.8333333730697632,5.000000238418579,6
864,橹,873,1.0,5.0,5
865,检,874,1.0,3.0,3
866,樱,875,1.0,2.0,2
867,权,876,1.0,5.0,5
868,欠,877,1.0,2.0,2
869,欢,878,0.625,10.0,16
870,欤,879,1.0,3.0,3
871,欲,880,0.6875,11.0,16
872,欧,881,0.4000000059604645,2.0000000298023224,5
873,归,882,0.8181818723678589,18.000001192092896,22
874,死,883,1.0,10.0,10
875,殇,884,1.0,6.0,6
876,殉,885,0.6666666865348816,2.0000000596046448,3
877,殖,886,1.0,3.0,3
878,殡,887,0.0,0.0,1
879,殳,888,0.5,1.0,2
880,段,889,0.6000000238418579,3.0000001192092896,5
881,殷,890,0.75,6.0,8
882,殿,891,0.7272727489471436,8.000000238418579,11
883,毁,892,0.8571429252624512,6.000000476837158,7
884,毂,893,0.800000011920929,4.000000059604645,5
885,毅,894,0.6666666865348816,2.0000000596046448,3
886,母,895,0.7777777910232544,7.0000001192092896,9
887,毒,896,0.0,0.0,5
888,比,897,0.5714285969734192,8.000000357627869,14
889,毕,898,0.625,5.0,8
890,毡,899,1.0,5.0,5
891,毫,900,0.8333333730697632,5.000000238418579,6
892,民,901,0.8333333730697632,10.000000476837158,12
893,气,902,0.9387754797935486,45.99999850988388,49
894,氤,903,0.5,1.0,2
895,氲,904,1.0,5.0,5
896,水,905,0.46666669845581055,7.000000476837158,15
897,永,906,0.7692307829856873,10.000000178813934,13
898,汁,907,1.0,3.0,3
899,求,908,0.692307710647583,9.000000238418579,13
900,汉,909,1.0,18.0,18
901,江,910,1.0,12.0,12
902,汤,911,1.0,10.0,10
903,汪,912,1.0,2.0,2
904,汴,913,1.0,1.0,1
905,沈,914,0.5,3.0,6
906,沉,915,0.8333333730697632,5.000000238418579,6
907,没,916,0.9523809552192688,20.000000059604645,21
908,沓,917,1.0,2.0,2
909,沙,918,0.9090909361839294,10.000000298023224,11
910,沟,919,0.625,5.0,8
911,沥,920,0.0,0.0,1
912,沧,921,1.0,12.0,12
913,沸,922,0.6666666865348816,2.0000000596046448,3
914,治,923,0.6666666865348816,8.000000238418579,12
915,沼,924,0.6666666865348816,2.0000000596046448,3
916,泊,925,0.5,2.0,4
917,泠,927,1.0,2.0,2
918,泡,928,0.6666666865348816,2.0000000596046448,3
919,泥,929,0.6666666865348816,6.000000178813934,9
920,泪,930,0.5714285969734192,4.000000178813934,7
921,泯,931,1.0,1.0,1
922,泳,932,1.0,1.0,1
923,泼,933,1.0,1.0,1
924,洗,935,1.0,6.0,6
925,洙,936,1.0,2.0,2
926,津,937,1.0,4.0,4
927,汹,938,0.5,1.0,2
928,浆,939,0.625,5.0,8
929,测,940,1.0,4.0,4
930,浑,941,0.8888888955116272,16.00000011920929,18
931,浔,942,1.0,3.0,3
932,浚,943,0.8333333730697632,5.000000238418579,6
933,浣,944,0.5,1.0,2
934,浩,945,1.0,5.0,5
935,浪,946,0.7142857313156128,5.0000001192092896,7
936,浮,947,0.8181818723678589,9.000000596046448,11
937,海,948,0.9375,15.0,16
938,浸,949,0.6000000238418579,3.0000001192092896,5
939,涅,950,0.0,0.0,1
940,消,951,1.0,8.0,8
941,涌,952,0.75,6.0,8
942,涡,953,1.0,4.0,4
943,润,954,0.875,7.0,8
944,涧,955,0.8461538553237915,11.00000011920929,13
945,涨,956,1.0,3.0,3
946,涩,957,1.0,8.0,8
947,涯,958,1.0,7.0,7
948,涸,959,0.0,0.0,2
949,淋,960,0.5,1.0,2
950,淑,961,0.625,5.0,8
951,沦,962,1.0,5.0,5
952,深,963,0.8571428656578064,18.000000178813934,21
953,渊,964,0.8181818723678589,18.000001192092896,22
954,浅,965,0.5,2.0,4
955,渚,966,1.0,3.0,3
956,渥,967,1.0,1.0,1
957,渭,968,0.7777777910232544,7.0000001192092896,9
958,渴,969,0.5,3.0,6
959,游,970,0.7368420958518982,13.999999821186066,19
960,湖,971,0.4000000059604645,4.000000059604645,10
961,湘,972,0.6000000238418579,3.0000001192092896,5
962,湿,973,0.6666666865348816,4.0000001192092896,6
963,源,974,0.7777777910232544,7.0000001192092896,9
964,溢,975,0.6000000238418579,3.0000001192092896,5
965,溪,976,0.6666666865348816,10.000000298023224,15
966,温,977,1.0,11.0,11
967,溯,978,0.800000011920929,4.000000059604645,5
968,溶,979,1.0,1.0,1
969,溷,980,0.5,1.0,2
970,滕,981,0.5,1.0,2
971,滞,982,1.0,8.0,8
972,滥,983,1.0,11.0,11
973,滩,984,1.0,2.0,2
974,漏,985,1.0,6.0,6
975,漠,986,1.0,7.0,7
976,涟,987,0.5,1.0,2
977,漪,988,1.0,2.0,2
978,渐,989,0.7777777910232544,7.0000001192092896,9
979,洁,990,1.0,7.0,7
980,潜,991,1.0,28.0,28
981,潭,992,1.0,5.0,5
982,潮,993,0.800000011920929,4.000000059604645,5
983,潺,994,1.0,2.0,2
984,澄,995,1.0,8.0,8
985,浇,996,0.0,0.0,2
986,澜,997,1.0,8.0,8
987,泽,998,0.1666666716337204,2.0000000596046448,12
988,激,999,0.800000011920929,4.000000059604645,5
989,浓,1000,1.0,5.0,5
990,济,1001,0.6363636255264282,6.9999998807907104,11
991,濠,1002,1.0,2.0,2
992,濯,1003,0.800000011920929,4.000000059604645,5
993,滨,1004,1.0,2.0,2
994,泻,1005,1.0,2.0,2
995,濒,1006,1.0,1.0,1
996,瀛,1007,1.0,1.0,1
997,潇,1008,0.0,0.0,2
998,濑,1009,1.0,1.0,1
999,灌,1010,1.0,6.0,6
1000,漓,1011,0.5,1.0,2
1001,湾,1012,1.0,3.0,3
1002,灰,1013,0.75,3.0,4
1003,灵,1014,0.9166666865348816,11.000000238418579,12
1004,灼,1015,1.0,6.0,6
1005,灾,1016,1.0,10.0,10
1006,炉,1017,0.8181818723678589,9.000000596046448,11
1007,炊,1018,0.25,1.0,4
1008,炎,1019,0.8333333730697632,5.000000238418579,6
1009,炮,1020,0.0,0.0,1
1010,炯,1021,1.0,1.0,1
1011,炳,1022,1.0,1.0,1
1012,烘,1023,1.0,1.0,1
1013,烦,1024,0.9615384936332703,25.000000834465027,26
1014,热,1025,0.5,4.0,8
1015,烽,1026,0.0,0.0,1
1016,焕,1027,0.75,3.0,4
1017,焚,1028,0.75,3.0,4
1018,焦,1029,1.0,2.0,2
1019,焰,1030,0.800000011920929,4.000000059604645,5
1020,炜,1031,1.0,4.0,4
1021,烟,1032,0.8461538553237915,11.00000011920929,13
1022,照,1033,0.875,14.0,16
1023,熙,1034,0.5714285969734192,4.000000178813934,7
1024,灯,1035,0.8571429252624512,6.000000476837158,7
1025,烧,1036,1.0,6.0,6
1026,燕,1037,0.6153846383094788,8.000000298023224,13
1027,燥,1038,0.0,0.0,2
1028,爨,1039,1.0,1.0,1
1029,爪,1040,1.0,3.0,3
1030,争,1041,0.6666666865348816,4.0000001192092896,6
1031,为,1042,0.8125,26.0,32
1032,爵,1043,0.7777777910232544,7.0000001192092896,9
1033,爽,1044,0.6666666865348816,4.0000001192092896,6
1034,片,1045,1.0,6.0,6
1035,牍,1046,1.0,2.0,2
1036,牛,1047,0.7142857313156128,5.0000001192092896,7
1037,牢,1048,0.75,3.0,4
1038,牧,1049,1.0,12.0,12
1039,牺,1050,0.0,0.0,2
1040,犀,1051,0.6666666865348816,2.0000000596046448,3
1041,犯,1052,1.0,4.0,4
1042,犹,1053,0.9285714626312256,26.000000953674316,28
1043,状,1054,0.75,6.0,8
1044,狎,1055,1.0,2.0,2
1045,狗,1056,0.5,1.0,2
1046,狩,1058,0.5,1.0,2
1047,独,1059,1.0,31.0,31
1048,狱,1060,0.6666666865348816,2.0000000596046448,3
1049,狸,1061,1.0,2.0,2
1050,狭,1062,0.0,0.0,1
1051,狼,1063,1.0,5.0,5
1052,猜,1064,1.0,2.0,2
1053,猥,1065,1.0,2.0,2
1054,猪,1066,1.0,2.0,2
1055,猿,1067,0.5,2.0,4
1056,猎,1068,0.5,2.0,4
1057,玄,1069,0.4285714626312256,3.000000238418579,7
1058,玉,1070,0.7777777910232544,14.000000238418579,18
1059,王,1071,0.8823529481887817,15.00000011920929,17
1060,玑,1072,1.0,5.0,5
1061,玩,1073,0.8571429252624512,6.000000476837158,7
1062,环,1074,1.0,16.0,16
1063,玲,1075,0.6666666865348816,2.0000000596046448,3
1064,玺,1076,1.0,5.0,5
1065,玻,1077,1.0,1.0,1
1066,珊,1078,0.75,3.0,4
1067,珍,1079,0.8888888955116272,8.000000059604645,9
1068,现,1080,1.0,5.0,5
1069,琅,1081,0.800000011920929,4.000000059604645,5
1070,琊,1082,1.0,2.0,2
1071,琐,1083,0.3333333432674408,1.0000000298023224,3
1072,琢,1084,1.0,1.0,1
1073,琳,1085,1.0,2.0,2
1074,玮,1086,1.0,1.0,1
1075,瑞,1087,1.0,6.0,6
1076,瑟,1088,0.7142857313156128,5.0000001192092896,7
1077,莹,1089,0.6666666865348816,2.0000000596046448,3
1078,瑰,1090,0.5,2.0,4
1079,琼,1091,1.0,5.0,5
1080,珑,1092,1.0,1.0,1
1081,瓜,1093,1.0,4.0,4
1082,瓣,1094,0.5,1.0,2
1083,瓮,1095,0.0,0.0,2
1084,瓶,1096,0.6000000238418579,3.0000001192092896,5
1085,甄,1097,1.0,3.0,3
1086,生,1098,0.9285714626312256,13.000000476837158,14
1087,产,1099,0.75,9.0,12
1088,甫,1100,1.0,6.0,6
1089,甲,1101,1.0,12.0,12
1090,男,1102,1.0,9.0,9
1091,町,1103,1.0,1.0,1
1092,画,1104,0.6000000238418579,6.000000238418579,10
1093,界,1105,1.0,8.0,8
1094,畏,1106,0.4000000059604645,4.000000059604645,10
1095,畜,1107,0.6666666865348816,2.0000000596046448,3
1096,略,1108,0.8888888955116272,8.000000059604645,9
1097,疏,1109,0.5333333611488342,8.000000417232513,15
1098,疲,1110,1.0,8.0,8
1099,病,1111,0.9230769872665405,12.000000834465027,13
1100,痕,1112,1.0,6.0,6
1101,痴,1113,0.5,1.0,2
1102,瘠,1114,1.0,2.0,2
1103,登,1115,0.9285714626312256,13.000000476837158,14
1104,的,1116,0.8333333730697632,5.000000238418579,6
1105,皆,1117,0.8000000715255737,12.000001072883606,15
1106,皋,1118,0.6666666865348816,4.0000001192092896,6
1107,皮,1119,0.5,2.0,4
1108,皱,1120,1.0,2.0,2
1109,盂,1121,1.0,2.0,2
1110,盈,1122,0.875,7.0,8
1111,盐,1123,0.0,0.0,2
1112,监,1124,0.3333333432674408,2.0000000596046448,6
1113,盘,1125,0.9166666865348816,22.000000476837158,24
1114,盏,1126,1.0,2.0,2
1115,盥,1127,1.0,1.0,1
1116,目,1128,0.7142857313156128,5.0000001192092896,7
1117,盾,1129,0.5,1.0,2
1118,省,1130,0.9166666865348816,11.000000238418579,12
1119,眇,1131,1.0,5.0,5
1120,眉,1132,0.0,0.0,5
1121,真,1133,0.7272727489471436,8.000000238418579,11
1122,眠,1134,1.0,9.0,9
1123,眩,1135,1.0,2.0,2
1124,眷,1136,0.4000000059604645,2.0000000298023224,5
1125,着,1137,1.0,3.0,3
1126,睛,1138,0.3333333432674408,1.0000000298023224,3
1127,睡,1139,0.75,3.0,4
1128,睹,1140,1.0,5.0,5
1129,瞬,1142,0.6666666865348816,2.0000000596046448,3
1130,矛,1143,0.75,3.0,4
1131,矜,1144,1.0,2.0,2
1132,矢,1145,1.0,4.0,4
1133,矧,1146,1.0,1.0,1
1134,矩,1147,0.7142857313156128,5.0000001192092896,7
1135,石,1148,0.8235294222831726,14.000000178813934,17
1136,砂,1149,1.0,2.0,2
1137,研,1150,1.0,7.0,7
1138,砖,1151,1.0,4.0,4
1139,础,1153,1.0,5.0,5
1140,硕,1154,1.0,1.0,1
1141,确,1155,1.0,2.0,2
1142,砚,1156,1.0,4.0,4
1143,碍,1157,1.0,13.0,13
1144,碎,1158,0.4000000059604645,2.0000000298023224,5
1145,碑,1159,1.0,11.0,11
1146,碗,1160,0.3333333432674408,1.0000000298023224,3
1147,碣,1161,1.0,5.0,5
1148,碧,1162,1.0,7.0,7
1149,礴,1163,1.0,2.0,2
1150,礼,1164,0.8888888955116272,16.00000011920929,18
1151,社,1165,0.6666666865348816,4.0000001192092896,6
1152,祀,1166,0.4285714626312256,3.000000238418579,7
1153,祈,1167,0.7142857313156128,5.0000001192092896,7
1154,祉,1168,1.0,1.0,1
1155,祖,1169,1.0,12.0,12
1156,祗,1170,0.5714285969734192,4.000000178813934,7
1157,祚,1171,1.0,2.0,2
1158,祜,1172,1.0,4.0,4
1159,祥,1173,1.0,10.0,10
1160,祭,1174,0.8888888955116272,8.000000059604645,9
1161,祷,1175,1.0,10.0,10
1162,祸,1176,1.0,16.0,16
1163,禄,1177,0.9000000357627869,9.000000357627869,10
1164,禅,1178,1.0,25.0,25
1165,福,1179,0.9166666865348816,11.000000238418579,12
1166,禹,1180,0.8888888955116272,8.000000059604645,9
1167,禾,1181,0.75,3.0,4
1168,秋,1182,0.875,21.0,24
1169,种,1183,0.699999988079071,6.9999998807907104,10
1170,秒,1184,1.0,1.0,1
1171,秦,1185,0.3636363744735718,4.0000001192092896,11
1172,秧,1186,1.0,1.0,1
1173,称,1187,0.8823529481887817,15.00000011920929,17
1174,移,1188,0.8666667342185974,13.000001013278961,15
1175,稀,1189,1.0,5.0,5
1176,税,1190,0.6000000238418579,3.0000001192092896,5
1177,禀,1191,0.7142857313156128,5.0000001192092896,7
1178,稳,1192,1.0,8.0,8
1179,稽,1193,0.5454545617103577,6.000000178813934,11
1180,稿,1194,0.4000000059604645,2.0000000298023224,5
1181,穆,1195,1.0,5.0,5
1182,颖,1196,0.7333333492279053,11.000000238418579,15
1183,穑,1197,1.0,12.0,12
1184,穗,1198,1.0,2.0,2
1185,秽,1199,0.0,0.0,2
1186,穷,1200,0.7500000596046448,21.000001668930054,28
1187,穹,1201,0.6666666865348816,2.0000000596046448,3
1188,空,1202,0.9230769872665405,12.000000834465027,13
1189,穿,1203,1.0,5.0,5
1190,突,1204,0.5,1.0,2
1191,窄,1205,1.0,2.0,2
1192,窈,1206,1.0,3.0,3
1193,窍,1207,1.0,5.0,5
1194,窗,1208,0.3333333432674408,2.0000000596046448,6
1195,窜,1209,0.7142857313156128,5.0000001192092896,7
1196,窟,1210,1.0,3.0,3
1197,窦,1211,1.0,2.0,2
1198,窥,1212,1.0,6.0,6
1199,窃,1213,0.75,6.0,8
1200,立,1214,1.0,12.0,12
1201,竟,1215,0.75,6.0,8
1202,章,1216,0.8125,13.0,16
1203,竭,1217,1.0,5.0,5
1204,端,1218,0.7777777910232544,7.0000001192092896,9
1205,竹,1219,0.7777777910232544,7.0000001192092896,9
1206,笃,1220,1.0,14.0,14
1207,笏,1221,0.5,1.0,2
1208,笑,1222,0.7272727489471436,8.000000238418579,11
1209,笔,1223,1.0,32.0,32
1210,笙,1224,0.875,7.0,8
1211,笛,1225,1.0,3.0,3
1212,第,1226,0.5,5.0,10
1213,笋,1227,0.8333333730697632,5.000000238418579,6
1214,筒,1228,0.5,1.0,2
1215,策,1229,0.800000011920929,4.000000059604645,5
1216,筠,1230,0.6666666865348816,2.0000000596046448,3
1217,简,1231,0.6666666865348816,6.000000178813934,9
1218,筝,1232,0.75,3.0,4
1219,箕,1233,0.6666666865348816,2.0000000596046448,3
1220,管,1234,0.6666666865348816,6.000000178813934,9
1221,箧,1235,1.0,5.0,5
1222,箫,1236,0.6000000238418579,6.000000238418579,10
1223,箭,1237,1.0,2.0,2
1224,篁,1238,0.5,1.0,2
1225,范,1239,0.8571429252624512,6.000000476837158,7
1226,篇,1240,0.8571429252624512,6.000000476837158,7
1227,篝,1241,1.0,2.0,2
1228,籀,1242,1.0,4.0,4
1229,籁,1243,1.0,5.0,5
1230,篮,1244,0.0,0.0,2
1231,籍,1245,0.7142857313156128,5.0000001192092896,7
1232,米,1246,0.800000011920929,4.000000059604645,5
1233,粒,1247,0.6666666865348816,2.0000000596046448,3
1234,粘,1248,1.0,2.0,2
1235,粟,1249,0.6666666865348816,6.000000178813934,9
1236,粤,1250,0.8571429252624512,6.000000476837158,7
1237,粲,1251,0.5,2.0,4
1238,精,1252,0.785714328289032,11.000000596046448,14
1239,糖,1253,0.0,0.0,2
1240,粪,1254,0.5,1.0,2
1241,糠,1255,0.800000011920929,4.000000059604645,5
1242,粮,1256,0.7142857313156128,5.0000001192092896,7
1243,纪,1257,1.0,9.0,9
1244,约,1258,0.8421052694320679,16.00000011920929,19
1245,红,1259,0.6666666865348816,4.0000001192092896,6
1246,纡,1260,0.8333333730697632,5.000000238418579,6
1247,纹,1261,1.0,10.0,10
1248,纳,1262,0.8888888955116272,8.000000059604645,9
1249,纽,1263,1.0,2.0,2
1250,纱,1264,0.800000011920929,8.00000011920929,10
1251,纸,1265,0.8421052694320679,16.00000011920929,19
1252,级,1266,0.7777777910232544,7.0000001192092896,9
1253,纭,1267,0.5,1.0,2
1254,素,1268,0.9333333969116211,14.000000953674316,15
1255,纺,1269,0.692307710647583,9.000000238418579,13
1256,索,1270,0.8571429252624512,6.000000476837158,7
1257,绅,1271,1.0,12.0,12
1258,绍,1272,0.8571428656578064,18.000000178813934,21
1259,终,1273,0.785714328289032,11.000000596046448,14
1260,给,1274,0.7692307829856873,10.000000178813934,13
1261,绝,1275,0.8636363744735718,19.00000023841858,22
1262,绢,1276,1.0,5.0,5
1263,绣,1277,0.75,3.0,4
1264,缀,1278,1.0,12.0,12
1265,绽,1279,1.0,1.0,1
1266,绰,1280,1.0,2.0,2
1267,绫,1281,1.0,4.0,4
1268,紧,1282,1.0,2.0,2
1269,缃,1283,1.0,4.0,4
1270,缄,1284,0.75,3.0,4
1271,缓,1285,1.0,6.0,6
1272,纬,1286,0.75,3.0,4
1273,致,1287,1.0,25.0,25
1274,缣,1288,0.5,1.0,2
1275,县,1289,0.785714328289032,11.000000596046448,14
1276,缝,1290,0.6666666865348816,2.0000000596046448,3
1277,缩,1291,0.6666666865348816,2.0000000596046448,3
1278,縻,1292,0.800000011920929,4.000000059604645,5
1279,绩,1293,1.0,14.0,14
1280,繁,1294,0.75,6.0,8
1281,缪,1295,0.5,2.0,4
1282,繇,1296,0.5,2.0,4
1283,绕,1297,1.0,12.0,12
1284,系,1298,0.4545454680919647,5.000000149011612,11
1285,茧,1299,1.0,10.0,10
1286,继,1300,0.6666666865348816,4.0000001192092896,6
1287,续,1301,0.800000011920929,8.00000011920929,10
1288,累,1302,0.625,5.0,8
1289,缠,1303,0.75,3.0,4
1290,缨,1304,0.8181818723678589,9.000000596046448,11
1291,缆,1305,1.0,5.0,5
1292,纵,1306,1.0,7.0,7
1293,纶,1307,0.800000011920929,4.000000059604645,5
1294,线,1308,0.3333333432674408,1.0000000298023224,3
1295,练,1309,1.0,4.0,4
1296,组,1310,0.6000000238418579,3.0000001192092896,5
1297,细,1311,0.4000000059604645,4.000000059604645,10
1298,绛,1312,0.800000011920929,4.000000059604645,5
1299,绥,1313,1.0,5.0,5
1300,绮,1314,0.8333333730697632,5.000000238418579,6
1301,维,1315,1.0,8.0,8
1302,绶,1316,0.5,1.0,2
1303,缅,1317,1.0,2.0,2
1304,编,1318,0.6666666865348816,2.0000000596046448,3
1305,缘,1319,0.800000011920929,8.00000011920929,10
1306,缚,1320,0.5,2.0,4
1307,缟,1321,0.5,1.0,2
1308,缰,1322,1.0,4.0,4
1309,缶,1323,0.6666666865348816,2.0000000596046448,3
1310,网,1324,0.0,0.0,1
1311,罕,1325,0.3333333432674408,1.0000000298023224,3
1312,罚,1326,0.25,1.0,4
1313,罢,1327,1.0,7.0,7
1314,骂,1328,0.5,1.0,2
1315,罗,1329,0.8888888955116272,8.000000059604645,9
1316,美,1330,0.7692307829856873,10.000000178813934,13
1317,羞,1331,1.0,6.0,6
1318,羡,1332,0.800000011920929,4.000000059604645,5
1319,羹,1333,1.0,3.0,3
1320,翁,1334,0.75,3.0,4
1321,翅,1335,1.0,2.0,2
1322,翠,1336,0.9090909361839294,10.000000298023224,11
1323,翡,1337,0.5,1.0,2
1324,翥,1338,0.0,0.0,1
1325,耀,1339,1.0,6.0,6
1326,老,1340,0.6666666865348816,10.000000298023224,15
1327,者,1341,0.8235294222831726,14.000000178813934,17
1328,耆,1342,1.0,1.0,1
1329,耶,1343,1.0,5.0,5
1330,耸,1344,0.800000011920929,8.00000011920929,10
1331,耽,1345,1.0,6.0,6
1332,耿,1346,0.75,3.0,4
1333,聋,1347,0.3333333432674408,1.0000000298023224,3
1334,联,1348,1.0,10.0,10
1335,闻,1349,0.8947368264198303,33.99999940395355,38
1336,聿,1350,1.0,1.0,1
1337,肃,1351,0.8823529481887817,15.00000011920929,17
1338,肆,1352,1.0,4.0,4
1339,肉,1353,0.5,2.0,4
1340,肘,1354,1.0,3.0,3
1341,肚,1355,1.0,1.0,1
1342,肠,1356,1.0,23.0,23
1343,肤,1357,0.6666666865348816,2.0000000596046448,3
1344,肩,1358,0.75,3.0,4
1345,肯,1360,0.75,3.0,4
1346,肴,1361,0.5,1.0,2
1347,肿,1362,1.0,8.0,8
1348,胃,1363,0.6666666865348816,2.0000000596046448,3
1349,胄,1364,0.75,3.0,4
1350,胎,1365,1.0,4.0,4
1351,胡,1366,1.0,15.0,15
1352,胪,1367,1.0,8.0,8
1353,能,1368,0.5789473652839661,10.999999940395355,19
1354,胁,1369,1.0,3.0,3
1355,脉,1370,1.0,8.0,8
1356,脍,1371,0.6666666865348816,2.0000000596046448,3
1357,脱,1372,0.8571429252624512,6.000000476837158,7
1358,脸,1373,1.0,5.0,5
1359,脾,1374,0.6666666865348816,2.0000000596046448,3
1360,肾,1375,1.0,3.0,3
1361,腐,1376,0.3333333432674408,1.0000000298023224,3
1362,腥,1377,0.0,0.0,2
1363,脑,1378,1.0,2.0,2
1364,腹,1379,0.7142857313156128,5.0000001192092896,7
1365,膳,1380,1.0,7.0,7
1366,胆,1381,0.75,3.0,4
1367,臂,1382,1.0,3.0,3
1368,腊,1383,1.0,8.0,8
1369,臣,1384,0.9090909361839294,10.000000298023224,11
1370,臧,1385,1.0,3.0,3
1371,臾,1386,1.0,4.0,4
1372,舂,1387,0.0,0.0,1
1373,舅,1388,1.0,3.0,3
1374,举,1389,1.0,7.0,7
1375,旧,1390,0.75,9.0,12
1376,舒,1391,0.6000000238418579,3.0000001192092896,5
1377,舜,1392,0.3333333432674408,1.0000000298023224,3
1378,舞,1393,0.6666666865348816,4.0000001192092896,6
1379,舷,1394,1.0,3.0,3
1380,舸,1395,0.5,1.0,2
1381,舻,1396,0.5,2.0,4
1382,舰,1397,0.5,1.0,2
1383,良,1398,0.800000011920929,8.00000011920929,10
1384,色,1399,0.75,9.0,12
1385,艳,1400,1.0,4.0,4
1386,艺,1401,0.8333333134651184,14.999999642372131,18
1387,节,1402,0.9333333969116211,14.000000953674316,15
1388,芜,1403,0.6666666865348816,2.0000000596046448,3
1389,芦,1404,1.0,2.0,2
1390,花,1405,0.27272728085517883,3.000000089406967,11
1391,芳,1406,1.0,8.0,8
1392,芽,1407,0.75,3.0,4
1393,苍,1408,0.944444477558136,17.000000596046448,18
1394,苏,1409,1.0,9.0,9
1395,苟,1410,0.6666666865348816,2.0000000596046448,3
1396,若,1411,0.875,14.0,16
1397,苦,1412,0.625,5.0,8
1398,英,1413,0.75,6.0,8
1399,茁,1415,1.0,1.0,1
1400,茄,1416,0.0,0.0,1
1401,茅,1417,1.0,2.0,2
1402,茗,1418,1.0,3.0,3
1403,兹,1419,1.0,11.0,11
1404,荀,1420,0.5,1.0,2
1405,草,1421,0.6666666865348816,8.000000238418579,12
1406,荆,1422,0.6666666865348816,4.0000001192092896,6
1407,荡,1423,1.0,18.0,18
1408,荫,1424,0.25,1.0,4
1409,荷,1425,0.5714285969734192,4.000000178813934,7
1410,庄,1426,0.800000011920929,8.00000011920929,10
1411,茎,1427,1.0,2.0,2
1412,莫,1428,0.30000001192092896,3.0000001192092896,10
1413,获,1429,1.0,9.0,9
1414,菊,1430,0.6666666865348816,2.0000000596046448,3
1415,华,1431,0.6842105388641357,13.000000238418579,19
1416,菱,1432,1.0,2.0,2
1417,菲,1433,1.0,3.0,3
1418,萃,1435,0.0,0.0,1
1419,萌,1436,1.0,2.0,2
1420,萝,1437,0.5,1.0,2
1421,营,1438,0.8181818723678589,9.000000596046448,11
1422,萦,1439,0.5,2.0,4
1423,萧,1440,0.8571429252624512,6.000000476837158,7
1424,落,1441,0.9166666865348816,11.000000238418579,12
1425,著,1442,0.0,0.0,3
1426,苇,1443,0.0,0.0,4
1427,葬,1444,0.800000011920929,4.000000059604645,5
1428,葱,1445,0.6666666865348816,4.0000001192092896,6
1429,葵,1446,1.0,2.0,2
1430,蒙,1447,0.692307710647583,9.000000238418579,13
1431,蒲,1448,0.8333333730697632,5.000000238418579,6
1432,蒿,1449,0.0,0.0,1
1433,盖,1450,0.692307710647583,9.000000238418579,13
1434,蓑,1451,1.0,2.0,2
1435,蓝,1452,1.0,3.0,3
1436,卜,1453,1.0,3.0,3
1437,蔡,1454,0.8571429252624512,6.000000476837158,7
1438,蔺,1455,1.0,5.0,5
1439,蕃,1456,0.6666666865348816,2.0000000596046448,3
1440,蕉,1457,1.0,2.0,2
1441,蕙,1458,0.3333333432674408,1.0000000298023224,3
1442,蕴,1459,0.8888888955116272,8.000000059604645,9
1443,薄,1460,0.9000000357627869,9.000000357627869,10
1444,薇,1461,0.0,0.0,2
1445,姜,1462,0.6000000238418579,6.000000238418579,10
1446,薛,1463,0.75,3.0,4
1447,荐,1464,0.75,3.0,4
1448,萨,1465,1.0,3.0,3
1449,薰,1466,0.75,3.0,4
1450,藜,1468,1.0,2.0,2
1451,苹,1469,0.0,0.0,1
1452,虏,1470,0.6666666865348816,2.0000000596046448,3
1453,虑,1471,0.4285714626312256,3.000000238418579,7
1454,虔,1472,0.6666666865348816,2.0000000596046448,3
1455,虚,1473,0.3076923191547394,4.000000149011612,13
1456,虢,1474,0.0,0.0,3
1457,虬,1475,1.0,3.0,3
1458,虹,1476,0.8333333730697632,5.000000238418579,6
1459,虽,1477,0.5,6.0,12
1460,虾,1478,0.5,1.0,2
1461,蚊,1479,0.5,1.0,2
1462,蚤,1480,1.0,3.0,3
1463,蛇,1481,1.0,4.0,4
1464,蛙,1482,1.0,3.0,3
1465,蛟,1483,0.75,3.0,4
1466,蛾,1484,1.0,4.0,4
1467,蜂,1485,1.0,3.0,3
1468,蝇,1486,1.0,3.0,3
1469,蝶,1487,0.6666666865348816,2.0000000596046448,3
1470,融,1488,1.0,4.0,4
1471,萤,1489,0.3333333432674408,1.0000000298023224,3
1472,螺,1490,0.6666666865348816,2.0000000596046448,3
1473,蛰,1491,1.0,2.0,2
1474,虫,1492,0.6666666865348816,4.0000001192092896,6
1475,蚁,1493,1.0,1.0,1
1476,蜡,1494,1.0,2.0,2
1477,蠢,1495,1.0,1.0,1
1478,蚕,1496,1.0,4.0,4
1479,血,1497,0.6000000238418579,3.0000001192092896,5
1480,术,1498,1.0,7.0,7
1481,同,1499,0.6500000357627869,13.000000715255737,20
1482,衙,1500,0.0,0.0,2
1483,衡,1501,0.7272727489471436,8.000000238418579,11
1484,衢,1502,0.5,1.0,2
1485,补,1503,1.0,25.0,25
1486,衫,1504,0.6666666865348816,2.0000000596046448,3
1487,衰,1505,0.2857142984867096,2.000000089406967,7
1488,衷,1506,1.0,2.0,2
1489,袁,1507,0.5,1.0,2
1490,袅,1508,1.0,6.0,6
1491,袋,1509,0.3333333432674408,1.0000000298023224,3
1492,袍,1510,0.75,3.0,4
1493,袜,1511,1.0,5.0,5
1494,被,1512,0.75,9.0,12
1495,裂,1513,1.0,5.0,5
1496,裔,1514,1.0,3.0,3
1497,裘,1515,0.4000000059604645,2.0000000298023224,5
1498,装,1516,0.0,0.0,4
1499,裤,1517,0.6000000238418579,3.0000001192092896,5
1500,裨,1518,0.0,0.0,1
1501,裳,1519,0.6666666865348816,4.0000001192092896,6
1502,裴,1520,1.0,2.0,2
1503,褒,1521,1.0,5.0,5
1504,褚,1522,1.0,3.0,3
1505,襄,1523,1.0,3.0,3
1506,袭,1524,0.625,5.0,8
1507,西,1525,0.785714328289032,11.000000596046448,14
1508,觅,1526,1.0,7.0,7
1509,览,1527,1.0,10.0,10
1510,规,1528,0.7777777910232544,7.0000001192092896,9
1511,觌,1529,1.0,2.0,2
1512,觚,1530,0.3333333432674408,1.0000000298023224,3
1513,觞,1531,0.8333333730697632,5.000000238418579,6
1514,订,1532,1.0,1.0,1
1515,讣,1533,1.0,1.0,1
1516,讨,1534,0.8666667342185974,13.000001013278961,15
1517,训,1535,1.0,18.0,18
1518,访,1536,1.0,16.0,16
1519,许,1537,1.0,20.0,20
1520,诉,1538,0.75,3.0,4
1521,讵,1539,0.9285714626312256,13.000000476837158,14
1522,词,1540,0.8947368264198303,16.999999701976776,19
1523,询,1541,1.0,11.0,11
1524,试,1542,0.8333333730697632,5.000000238418579,6
1525,诗,1543,0.949999988079071,37.99999952316284,40
1526,诘,1544,1.0,8.0,8
1527,话,1545,1.0,13.0,13
1528,该,1546,0.6363636255264282,6.9999998807907104,11
1529,详,1547,0.9523809552192688,20.000000059604645,21
1530,詹,1548,0.5,1.0,2
1531,誓,1549,0.6000000238418579,3.0000001192092896,5
1532,诞,1550,1.0,8.0,8
1533,诱,1551,1.0,6.0,6
1534,诮,1552,0.7777777910232544,7.0000001192092896,9
1535,诰,1553,0.5,1.0,2
1536,诵,1554,1.0,18.0,18
1537,诲,1555,0.800000011920929,4.000000059604645,5
1538,说,1556,1.0,46.0,46
1539,课,1557,0.8181818723678589,9.000000596046448,11
1540,谅,1558,0.9230769872665405,12.000000834465027,13
1541,谏,1559,1.0,12.0,12
1542,谕,1560,0.8333333730697632,5.000000238418579,6
1543,讽,1561,1.0,3.0,3
1544,诺,1563,0.6666666865348816,4.0000001192092896,6
1545,谒,1564,0.5555555820465088,5.000000238418579,9
1546,谤,1565,1.0,5.0,5
1547,谦,1566,1.0,8.0,8
1548,谥,1567,0.875,7.0,8
1549,谣,1568,0.6000000238418579,3.0000001192092896,5
1550,谟,1569,0.6000000238418579,3.0000001192092896,5
1551,谬,1570,0.25,1.0,4
1552,谨,1571,0.6363636255264282,6.9999998807907104,11
1553,谩,1572,0.0,0.0,2
1554,讥,1573,1.0,13.0,13
1555,识,1574,1.0,44.0,44
1556,谭,1575,0.3333333432674408,1.0000000298023224,3
1557,谱,1576,0.8181818723678589,9.000000596046448,11
1558,译,1577,0.20000000298023224,1.0000000149011612,5
1559,议,1578,0.8636363744735718,19.00000023841858,22
1560,誉,1579,0.7777777910232544,7.0000001192092896,9
1561,变,1580,0.9230769872665405,12.000000834465027,13
1562,让,1581,0.9090909361839294,10.000000298023224,11
1563,谶,1582,1.0,12.0,12
1564,计,1583,0.7777777910232544,7.0000001192092896,9
1565,认,1584,0.6000000238418579,3.0000001192092896,5
1566,讫,1585,0.5,2.0,4
1567,记,1586,1.0,9.0,9
1568,讳,1587,0.800000011920929,8.00000011920929,10
1569,讶,1588,0.5,1.0,2
1570,讹,1589,1.0,3.0,3
1571,证,1590,0.6666666865348816,4.0000001192092896,6
1572,诅,1593,1.0,1.0,1
1573,诊,1594,0.5,1.0,2
1574,诚,1595,0.5625,9.0,16
1575,诛,1596,0.8571429252624512,6.000000476837158,7
1576,诡,1597,0.0,0.0,1
1577,诣,1598,0.6666666865348816,4.0000001192092896,6
1578,诫,1599,0.800000011920929,4.000000059604645,5
1579,诬,1600,0.6666666865348816,2.0000000596046448,3
1580,语,1601,0.8000000715255737,12.000001072883606,15
1581,读,1602,0.8571429252624512,12.000000953674316,14
1582,谀,1603,0.5,1.0,2
1583,谁,1604,0.6666666865348816,12.000000357627869,18
1584,谊,1605,0.6666666865348816,4.0000001192092896,6
1585,谋,1606,0.5833333730697632,7.000000476837158,12
1586,谓,1607,0.9411764740943909,16.000000059604645,17
1587,谯,1608,1.0,1.0,1
1588,谴,1609,0.0,0.0,2
1589,谷,1610,0.5384615659713745,7.000000357627869,13
1590,豁,1611,0.75,3.0,4
1591,豆,1612,0.75,3.0,4
1592,竖,1613,0.5,1.0,2
1593,丰,1614,1.0,5.0,5
1594,豕,1615,0.5,1.0,2
1595,象,1616,1.0,10.0,10
1596,豪,1617,0.875,7.0,8
1597,豫,1618,0.8333333730697632,5.000000238418579,6
1598,豹,1619,0.5,3.0,6
1599,豺,1620,1.0,1.0,1
1600,负,1621,1.0,14.0,14
1601,财,1622,1.0,13.0,13
1602,货,1623,1.0,10.0,10
1603,贪,1624,0.6666666865348816,4.0000001192092896,6
1604,贮,1625,1.0,9.0,9
1605,贰,1626,1.0,1.0,1
1606,贵,1627,0.8333333730697632,10.000000476837158,12
1607,贬,1628,1.0,6.0,6
1608,贶,1629,1.0,3.0,3
1609,贻,1630,1.0,9.0,9
1610,资,1631,0.9000000357627869,9.000000357627869,10
1611,赈,1632,1.0,3.0,3
1612,贤,1633,0.9473684430122375,36.00000083446503,38
1613,卖,1634,0.3333333432674408,1.0000000298023224,3
1614,赋,1635,1.0,11.0,11
1615,质,1636,1.0,18.0,18
1616,账,1637,0.0,0.0,1
1617,赖,1638,0.4444444477558136,4.000000029802322,9
1618,赙,1639,1.0,6.0,6
1619,购,1640,1.0,12.0,12
1620,赣,1641,1.0,1.0,1
1621,贝,1642,0.0,0.0,5
1622,责,1643,1.0,5.0,5
1623,贫,1644,1.0,5.0,5
1624,贯,1645,1.0,4.0,4
1625,费,1646,0.3333333432674408,2.0000000596046448,6
1626,贽,1647,1.0,1.0,1
1627,贿,1648,1.0,1.0,1
1628,赂,1649,0.0,0.0,1
1629,赎,1650,0.5,1.0,2
1630,赞,1651,0.6666666865348816,6.000000178813934,9
1631,赠,1652,0.8888888955116272,8.000000059604645,9
1632,赦,1653,1.0,3.0,3
1633,走,1654,0.5714285969734192,4.000000178813934,7
1634,赴,1655,0.9000000357627869,9.000000357627869,10
1635,赵,1656,1.0,20.0,20
1636,趁,1657,0.25,1.0,4
1637,超,1658,0.9230769872665405,12.000000834465027,13
1638,越,1659,0.8888888955116272,8.000000059604645,9
1639,趋,1660,0.8333333730697632,5.000000238418579,6
1640,趣,1661,0.8333333730697632,5.000000238418579,6
1641,跋,1662,1.0,3.0,3
1642,跨,1663,0.6666666865348816,2.0000000596046448,3
1643,跪,1664,1.0,1.0,1
1644,路,1665,0.6000000238418579,6.000000238418579,10
1645,踊,1666,0.8333333730697632,5.000000238418579,6
1646,踞,1667,1.0,2.0,2
1647,踪,1668,1.0,4.0,4
1648,踵,1669,0.6666666865348816,2.0000000596046448,3
1649,蹑,1670,0.6666666865348816,4.0000001192092896,6
1650,蹲,1671,1.0,2.0,2
1651,蹴,1672,1.0,1.0,1
1652,跃,1673,0.6666666865348816,4.0000001192092896,6
1653,身,1674,0.8181818723678589,9.000000596046448,11
1654,躬,1675,1.0,8.0,8
1655,躯,1676,0.6666666865348816,2.0000000596046448,3
1656,轨,1677,0.8333333730697632,5.000000238418579,6
1657,软,1678,1.0,10.0,10
1658,轴,1679,1.0,8.0,8
1659,轲,1680,1.0,7.0,7
1660,轶,1681,1.0,5.0,5
1661,轼,1682,1.0,5.0,5
1662,较,1683,0.8571429252624512,6.000000476837158,7
1663,辄,1684,1.0,9.0,9
1664,辉,1685,1.0,15.0,15
1665,辍,1686,0.5,1.0,2
1666,轮,1687,0.7272727489471436,8.000000238418579,11
1667,辐,1688,1.0,9.0,9
1668,辕,1689,0.75,3.0,4
1669,转,1690,0.9230769872665405,12.000000834465027,13
1670,辙,1691,0.6666666865348816,4.0000001192092896,6
1671,轰,1692,1.0,5.0,5
1672,轩,1693,0.8888888955116272,8.000000059604645,9
1673,轻,1694,0.8461538553237915,11.00000011920929,13
1674,辅,1695,0.9000000357627869,9.000000357627869,10
1675,辈,1696,1.0,9.0,9
1676,输,1697,0.0,0.0,5
1677,辖,1698,0.6666666865348816,2.0000000596046448,3
1678,辜,1699,0.6666666865348816,2.0000000596046448,3
1679,辞,1700,1.0,31.0,31
1680,辟,1701,0.7142857313156128,5.0000001192092896,7
1681,辩,1702,0.6666666865348816,10.000000298023224,15
1682,辫,1703,0.5,1.0,2
1683,辰,1704,0.9285714626312256,13.000000476837158,14
1684,农,1705,0.7272727489471436,8.000000238418579,11
1685,边,1706,0.699999988079071,6.9999998807907104,10
1686,迁,1707,0.625,5.0,8
1687,迂,1708,1.0,4.0,4
1688,迅,1709,0.3333333432674408,1.0000000298023224,3
1689,运,1710,0.5714285969734192,4.000000178813934,7
1690,近,1711,0.3333333432674408,4.0000001192092896,12
1691,还,1712,0.9000000357627869,9.000000357627869,10
1692,进,1713,0.8333333730697632,20.000000953674316,24
1693,迟,1714,0.8461538553237915,11.00000011920929,13
1694,迥,1715,0.3333333432674408,1.0000000298023224,3
1695,迩,1716,0.800000011920929,8.00000011920929,10
1696,迭,1717,0.3333333432674408,1.0000000298023224,3
1697,述,1718,0.800000011920929,4.000000059604645,5
1698,迷,1719,0.8333333730697632,5.000000238418579,6
1699,迹,1720,0.46666669845581055,7.000000476837158,15
1700,退,1721,1.0,7.0,7
1701,逃,1722,0.5,2.0,4
1702,逆,1723,0.6000000238418579,3.0000001192092896,5
1703,选,1724,0.75,6.0,8
1704,逊,1725,1.0,4.0,4
1705,透,1726,0.5,1.0,2
1706,途,1727,0.6000000238418579,3.0000001192092896,5
1707,逗,1728,1.0,1.0,1
1708,通,1729,0.9090909361839294,10.000000298023224,11
1709,速,1730,1.0,6.0,6
1710,逶,1731,0.0,0.0,1
1711,逼,1732,0.0,0.0,2
1712,遁,1733,1.0,3.0,3
1713,遇,1734,0.875,7.0,8
1714,遍,1735,0.6666666865348816,2.0000000596046448,3
1715,过,1736,0.785714328289032,11.000000596046448,14
1716,遏,1737,1.0,2.0,2
1717,遐,1738,1.0,5.0,5
1718,遒,1739,0.6666666865348816,2.0000000596046448,3
1719,道,1740,0.875,14.0,16
1720,达,1741,0.875,7.0,8
1721,违,1742,0.6000000238418579,3.0000001192092896,5
1722,遥,1743,0.7692307829856873,10.000000178813934,13
1723,递,1744,1.0,4.0,4
1724,远,1745,0.6363636255264282,6.9999998807907104,11
1725,遣,1746,1.0,10.0,10
1726,适,1747,0.7777777910232544,7.0000001192092896,9
1727,遭,1748,0.75,3.0,4
1728,遵,1749,1.0,3.0,3
1729,辽,1750,0.6666666865348816,2.0000000596046448,3
1730,遽,1751,0.0,0.0,2
1731,避,1752,0.800000011920929,4.000000059604645,5
1732,邀,1753,0.6666666865348816,2.0000000596046448,3
1733,邈,1754,1.0,4.0,4
1734,邑,1755,0.6000000238418579,6.000000238418579,10
1735,邓,1756,0.5,1.0,2
1736,邕,1757,1.0,1.0,1
1737,邮,1758,1.0,7.0,7
1738,郎,1759,0.9166666865348816,11.000000238418579,12
1739,郗,1760,0.3333333432674408,1.0000000298023224,3
1740,郡,1761,1.0,15.0,15
1741,部,1762,0.625,5.0,8
1742,郭,1763,0.875,7.0,8
1743,邻,1765,0.4285714626312256,3.000000238418579,7
1744,鄱,1766,0.0,0.0,2
1745,郸,1767,0.0,0.0,1
1746,酌,1768,0.8571429252624512,6.000000476837158,7
1747,酒,1769,0.7692307829856873,10.000000178813934,13
1748,酬,1770,0.8333333730697632,5.000000238418579,6
1749,酱,1771,0.6000000238418579,3.0000001192092896,5
1750,酷,1772,0.75,3.0,4
1751,酸,1773,0.800000011920929,4.000000059604645,5
1752,酹,1774,0.5,1.0,2
1753,酿,1775,0.5,2.0,4
1754,醉,1776,1.0,10.0,10
1755,醒,1777,1.0,5.0,5
1756,酝,1778,1.0,4.0,4
1757,丑,1779,0.5,4.0,8
1758,醪,1780,1.0,2.0,2
1759,醴,1781,0.0,0.0,2
1760,里,1782,0.75,12.0,16
1761,野,1783,0.8461538553237915,11.00000011920929,13
1762,金,1784,0.8823529481887817,15.00000011920929,17
1763,钉,1785,1.0,2.0,2
1764,针,1786,1.0,4.0,4
1765,钓,1787,0.5,4.0,8
1766,钝,1788,0.5,1.0,2
1767,钞,1789,1.0,7.0,7
1768,钵,1790,0.6666666865348816,2.0000000596046448,3
1769,鉴,1791,0.782608687877655,17.999999821186066,23
1770,银,1792,1.0,22.0,22
1771,铭,1793,0.875,21.0,24
1772,衔,1794,0.875,7.0,8
1773,銮,1795,0.75,3.0,4
1774,锐,1796,0.7692307829856873,10.000000178813934,13
1775,锯,1797,0.75,3.0,4
1776,钢,1798,0.6000000238418579,3.0000001192092896,5
1777,铮,1799,0.5,1.0,2
1778,锡,1800,1.0,17.0,17
1779,锁,1801,0.800000011920929,8.00000011920929,10
1780,镇,1802,0.8571429252624512,6.000000476837158,7
1781,锵,1803,0.6666666865348816,2.0000000596046448,3
1782,镜,1804,1.0,21.0,21
1783,镂,1805,1.0,3.0,3
1784,镫,1806,1.0,8.0,8
1785,镌,1807,0.800000011920929,4.000000059604645,5
1786,铎,1808,0.5,2.0,4
1787,铸,1809,1.0,6.0,6
1788,钜,1811,0.6666666865348816,2.0000000596046448,3
1789,钩,1812,0.6000000238418579,3.0000001192092896,5
1790,钿,1813,1.0,2.0,2
1791,铃,1814,0.800000011920929,4.000000059604645,5
1792,铜,1815,1.0,7.0,7
1793,销,1816,0.6666666865348816,2.0000000596046448,3
1794,锥,1817,0.75,3.0,4
1795,锦,1818,0.75,6.0,8
1796,锭,1819,1.0,2.0,2
1797,锻,1820,0.5,1.0,2
1798,门,1821,0.9999999403953552,40.999997556209564,41
1799,闲,1822,1.0,17.0,17
1800,间,1823,0.3461538553237915,9.000000238418579,26
1801,阁,1824,0.7777777910232544,7.0000001192092896,9
1802,闺,1825,0.3333333432674408,1.0000000298023224,3
1803,闾,1826,0.6000000238418579,3.0000001192092896,5
1804,阅,1827,0.4000000059604645,2.0000000298023224,5
1805,阎,1828,0.3333333432674408,1.0000000298023224,3
1806,阔,1829,0.3333333432674408,1.0000000298023224,3
1807,阖,1830,0.0,0.0,4
1808,阙,1831,0.9000000357627869,18.000000715255737,20
1809,阐,1832,0.5,1.0,2
1810,闭,1833,1.0,4.0,4
1811,问,1834,0.6666666865348816,12.000000357627869,18
1812,闰,1835,0.7142857313156128,5.0000001192092896,7
1813,阜,1836,1.0,4.0,4
1814,阳,1837,0.75,15.0,20
1815,阴,1838,0.7647058963775635,13.000000238418579,17
1816,阵,1839,0.800000011920929,8.00000011920929,10
1817,阿,1840,0.7272727489471436,8.000000238418579,11
1818,际,1841,1.0,6.0,6
1819,陆,1842,0.8571429252624512,6.000000476837158,7
1820,陇,1843,1.0,5.0,5
1821,陋,1844,0.8571429252624512,6.000000476837158,7
1822,陕,1845,1.0,2.0,2
1823,除,1846,0.5714285969734192,4.000000178813934,7
1824,陨,1847,1.0,4.0,4
1825,陪,1848,1.0,7.0,7
1826,隅,1849,1.0,6.0,6
1827,隆,1850,1.0,9.0,9
1828,隘,1851,1.0,2.0,2
1829,隙,1852,1.0,5.0,5
1830,障,1853,1.0,2.0,2
1831,随,1854,0.7142857313156128,10.000000238418579,14
1832,隶,1855,0.8181818723678589,9.000000596046448,11
1833,隹,1856,0.5,1.0,2
1834,只,1857,0.5555555820465088,5.000000238418579,9
1835,难,1858,0.8888888955116272,32.00000023841858,36
1836,雉,1859,1.0,5.0,5
1837,雍,1860,1.0,6.0,6
1838,雏,1861,1.0,1.0,1
1839,鸡,1862,0.8888888955116272,16.00000011920929,18
1840,离,1863,0.6428571939468384,9.000000715255737,14
1841,雪,1864,1.0,13.0,13
1842,震,1865,0.8571429252624512,6.000000476837158,7
1843,雾,1866,0.5714285969734192,4.000000178813934,7
1844,霭,1867,1.0,2.0,2
1845,露,1868,0.9166666865348816,11.000000238418579,12
1846,霁,1869,0.3333333432674408,2.0000000596046448,6
1847,静,1870,1.0,12.0,12
1848,面,1871,1.0,34.0,34
1849,鞠,1872,0.800000011920929,4.000000059604645,5
1850,鞭,1873,1.0,4.0,4
1851,韦,1874,0.8571429252624512,6.000000476837158,7
1852,韩,1875,0.75,6.0,8
1853,韫,1876,1.0,1.0,1
1854,韬,1877,1.0,1.0,1
1855,韭,1878,1.0,1.0,1
1856,顶,1879,1.0,10.0,10
1857,项,1880,1.0,9.0,9
1858,顺,1881,0.800000011920929,8.00000011920929,10
1859,颂,1882,0.800000011920929,4.000000059604645,5
1860,预,1883,0.8333333730697632,5.000000238418579,6
1861,顽,1884,0.0,0.0,3
1862,领,1885,0.6666666865348816,6.000000178813934,9
1863,颉,1886,0.5,1.0,2
1864,颊,1887,0.6666666865348816,2.0000000596046448,3
1865,颈,1888,1.0,5.0,5
1866,颓,1889,0.6000000238418579,3.0000001192092896,5
1867,额,1890,0.5454545617103577,6.000000178813934,11
1868,颜,1891,0.8399999737739563,20.999999344348907,25
1869,颛,1892,1.0,4.0,4
1870,愿,1893,0.75,9.0,12
1871,类,1894,0.6000000238418579,6.000000238418579,10
1872,顾,1895,0.7142857313156128,10.000000238418579,14
1873,顿,1896,0.7692307829856873,10.000000178813934,13
1874,颇,1897,1.0,4.0,4
1875,频,1898,1.0,3.0,3
1876,颡,1899,0.0,0.0,3
1877,风,1900,0.9814814925193787,53.00000059604645,54
1878,飘,1901,1.0,23.0,23
1879,飞,1902,0.5,6.0,12
1880,饥,1903,0.90625,29.0,32
1881,饭,1904,1.0,9.0,9
1882,饮,1905,0.75,6.0,8
1883,餐,1906,0.5,3.0,6
1884,饿,1907,1.0,3.0,3
1885,馆,1908,1.0,17.0,17
1886,馑,1909,1.0,5.0,5
1887,馔,1910,1.0,1.0,1
1888,饶,1911,0.6666666865348816,2.0000000596046448,3
1889,飨,1912,0.5,1.0,2
1890,饰,1914,0.8571429252624512,6.000000476837158,7
1891,饲,1915,0.5,1.0,2
1892,饵,1916,0.5,1.0,2
1893,饼,1917,1.0,4.0,4
1894,首,1918,1.0,12.0,12
1895,香,1919,0.8125,13.0,16
1896,馥,1920,1.0,2.0,2
1897,馨,1921,1.0,7.0,7
1898,马,1922,1.0,43.0,43
1899,驰,1923,0.9166666865348816,11.000000238418579,12
1900,驻,1924,1.0,14.0,14
1901,驽,1925,1.0,6.0,6
1902,驾,1926,1.0,9.0,9
1903,驼,1927,0.5,1.0,2
1904,驷,1928,0.0,0.0,1
1905,骈,1929,0.6666666865348816,4.0000001192092896,6
1906,骏,1930,1.0,15.0,15
1907,骋,1931,1.0,9.0,9
1908,骞,1932,1.0,4.0,4
1909,腾,1933,0.75,6.0,8
1910,骖,1934,0.0,0.0,2
1911,骄,1935,0.8461538553237915,11.00000011920929,13
1912,驿,1936,0.800000011920929,4.000000059604645,5
1913,骤,1937,1.0,2.0,2
1914,驴,1938,1.0,10.0,10
1915,骊,1939,1.0,5.0,5
1916,驭,1940,1.0,3.0,3
1917,骑,1941,0.9090909361839294,10.000000298023224,11
1918,骚,1942,1.0,5.0,5
1919,骡,1943,0.6666666865348816,2.0000000596046448,3
1920,骨,1944,0.875,7.0,8
1921,骸,1945,0.8333333730697632,5.000000238418579,6
1922,鬓,1947,0.800000011920929,4.000000059604645,5
1923,郁,1948,0.5,4.0,8
1924,鬼,1949,0.8571429252624512,6.000000476837158,7
1925,魂,1951,0.800000011920929,4.000000059604645,5
1926,魄,1952,0.6000000238418579,3.0000001192092896,5
1927,魏,1953,1.0,9.0,9
1928,魔,1954,1.0,2.0,2
1929,鲁,1955,0.9000000357627869,18.000000715255737,20
1930,鲍,1956,0.7777777910232544,7.0000001192092896,9
1931,鲜,1957,1.0,22.0,22
1932,鳌,1958,0.0,0.0,1
1933,鲈,1959,1.0,7.0,7
1934,鲸,1960,0.5,1.0,2
1935,鳞,1961,0.6000000238418579,6.000000238418579,10
1936,鸟,1962,0.9000000357627869,18.000000715255737,20
1937,鸠,1963,1.0,11.0,11
1938,鸦,1964,0.75,3.0,4
1939,鸳,1965,1.0,4.0,4
1940,鸭,1966,0.3333333432674408,1.0000000298023224,3
1941,鸿,1967,0.875,7.0,8
1942,鹅,1968,1.0,12.0,12
1943,鹏,1969,1.0,2.0,2
1944,鹊,1970,0.6666666865348816,2.0000000596046448,3
1945,鹜,1971,1.0,2.0,2
1946,莺,1972,0.5,2.0,4
1947,鸥,1973,0.6666666865348816,2.0000000596046448,3
1948,鹰,1974,1.0,6.0,6
1949,鹭,1975,0.5,2.0,4
1950,鹦,1976,0.5,1.0,2
1951,鸾,1977,0.8571429252624512,12.000000953674316,14
1952,鸯,1978,0.5,1.0,2
1953,鹤,1979,0.8181818723678589,9.000000596046448,11
1954,麦,1980,0.6000000238418579,3.0000001192092896,5
1955,麻,1981,0.800000011920929,4.000000059604645,5
1956,麾,1982,1.0,2.0,2
1957,黄,1983,0.9523809552192688,20.000000059604645,21
1958,黍,1984,0.75,6.0,8
1959,黔,1985,1.0,4.0,4
1960,默,1986,0.2857142984867096,2.000000089406967,7
1961,黛,1987,1.0,2.0,2
1962,点,1988,0.75,6.0,8
1963,党,1989,0.75,6.0,8
1964,黯,1990,0.6666666865348816,2.0000000596046448,3
1965,黾,1991,0.5,1.0,2
1966,鼎,1992,0.75,6.0,8
1967,鼓,1993,0.9090909361839294,10.000000298023224,11
1968,鼠,1994,0.0,0.0,3
1969,龙,1995,0.9599999785423279,47.999998927116394,50
1970,龚,1996,1.0,8.0,8
1971,龛,1997,1.0,2.0,2
1972,龟,1998,1.0,8.0,8
